Id,Price,Year,Mileage,City,State,Vin,Make,Model,Vehicle Style,Vehicle Size,MSRP,City MPG,Engine HP,Highway MPG,Popularity,Total Depreciation,Age,Avg MPG,Avg Depreciation Per Year
1,16472,2015,18681,Jefferson City, MO,KL4CJBSBXFB267643,Buick,EncoreConvenience,SUV,Compact,27651.25,24.0,138.0,31.5,155.0,11179.25,3.0,27.75,3726.4166666666665
2,15749,2015,27592,Highland, IN,KL4CJASB5FB245057,Buick,EncoreFWD,SUV,Compact,27651.25,24.0,138.0,31.5,155.0,11902.25,3.0,27.75,3967.4166666666665
3,16998,2015,13650,Boone, NC,KL4CJCSB0FB264921,Buick,EncoreLeather,SUV,Compact,27651.25,24.0,138.0,31.5,155.0,10653.25,3.0,27.75,3551.0833333333335
4,15777,2015,25195,New Orleans, LA,KL4CJASB4FB217542,Buick,EncoreFWD,SUV,Compact,27651.25,24.0,138.0,31.5,155.0,11874.25,3.0,27.75,3958.0833333333335
5,16784,2015,22800,Las Vegas, NV,KL4CJBSB3FB166881,Buick,EncoreConvenience,SUV,Compact,27651.25,24.0,138.0,31.5,155.0,10867.25,3.0,27.75,3622.4166666666665
6,17020,2016,16877,Grand Island, NY,KL4CJASB7GB536760,Buick,EncoreFWD,SUV,Compact,27921.0,24.6,141.0,31.8,155.0,10901.0,2.0,28.200000000000003,5450.5
7,15950,2015,27885,West Covina, CA,KL4CJASB3FB241802,Buick,EncoreFWD,SUV,Compact,27651.25,24.0,138.0,31.5,155.0,11701.25,3.0,27.75,3900.4166666666665
8,17091,2016,24008,Little Rock, AR,KL4CJASBXGB565542,Buick,EncoreFWD,SUV,Compact,27921.0,24.6,141.0,31.8,155.0,10830.0,2.0,28.200000000000003,5415.0
9,16995,2015,8624,Punta Gorda, FL,KL4CJFSB7FB173565,Buick,EncoreConvenience,SUV,Compact,27651.25,24.0,138.0,31.5,155.0,10656.25,3.0,27.75,3552.0833333333335
10,17700,2015,13807,Jacksonville, NC,KL4CJBSB8FB068543,Buick,EncoreConvenience,SUV,Compact,27651.25,24.0,138.0,31.5,155.0,9951.25,3.0,27.75,3317.0833333333335
12,18988,2017,4705,Bowling Green, KY,KL4CJASB7HB035630,Buick,EncoreFWD,SUV,Compact,28015.0,25.0,138.0,31.7,155.0,9027.0,1.0,28.35,9027.0
13,17491,2016,11123,Memphis, TN,KL4CJASBXGB720588,Buick,EncoreFWD,SUV,Compact,27921.0,24.6,141.0,31.8,155.0,10430.0,2.0,28.200000000000003,5215.0
14,17432,2015,11330,St. Peters, MO,KL4CJBSB0FB117931,Buick,EncoreConvenience,SUV,Compact,27651.25,24.0,138.0,31.5,155.0,10219.25,3.0,27.75,3406.4166666666665
15,20959,2017,36981,Taylor, MI,1G4PR5SK9H4108021,Buick,VeranoSport,Sedan,Midsize,23911.666666666668,21.0,180.0,31.0,155.0,2952.666666666668,1.0,26.0,2952.666666666668
16,16699,2015,21323,Clearwater, FL,KL4CJASB2FB127080,Buick,EncoreFWD,SUV,Compact,27651.25,24.0,138.0,31.5,155.0,10952.25,3.0,27.75,3650.75
17,15995,2015,18887,Metairie, LA,KL4CJASB8FB267196,Buick,EncoreFWD,SUV,Compact,27651.25,24.0,138.0,31.5,155.0,11656.25,3.0,27.75,3885.4166666666665
18,17950,2016,10925,Lafayette, IN,KL4CJASB4GB519690,Buick,EncoreFWD,SUV,Compact,27921.0,24.6,141.0,31.8,155.0,9971.0,2.0,28.200000000000003,4985.5
19,15239,2015,20681,Dallas, TX,KL4CJBSB2FB179802,Buick,EncoreConvenience,SUV,Compact,27651.25,24.0,138.0,31.5,155.0,12412.25,3.0,27.75,4137.416666666667
20,16814,2015,11541,Gainesville, FL,KL4CJASB0FB248111,Buick,EncoreFWD,SUV,Compact,27651.25,24.0,138.0,31.5,155.0,10837.25,3.0,27.75,3612.4166666666665
21,15972,2015,28408,Trevose, PA,KL4CJASB4FB176443,Buick,EncoreFWD,SUV,Compact,27651.25,24.0,138.0,31.5,155.0,11679.25,3.0,27.75,3893.0833333333335
22,17222,2015,10652,Oklahoma City, OK,KL4CJBSB9FB270758,Buick,EncoreConvenience,SUV,Compact,27651.25,24.0,138.0,31.5,155.0,10429.25,3.0,27.75,3476.4166666666665
23,18366,2016,3104,Lakewood, NJ,KL4CJASB3GB650982,Buick,EncoreFWD,SUV,Compact,27921.0,24.6,141.0,31.8,155.0,9555.0,2.0,28.200000000000003,4777.5
25,16400,2015,21694,Columbus, OH,KL4CJASB1FB241331,Buick,EncoreFWD,SUV,Compact,27651.25,24.0,138.0,31.5,155.0,11251.25,3.0,27.75,3750.4166666666665
26,18902,2017,5,Dublin, CA,KL4CJASB1HB027202,Buick,EncoreFWD,SUV,Compact,28015.0,25.0,138.0,31.7,155.0,9113.0,1.0,28.35,9113.0
27,18902,2017,5,Dublin, CA,KL4CJASB5HB028496,Buick,EncoreFWD,SUV,Compact,28015.0,25.0,138.0,31.7,155.0,9113.0,1.0,28.35,9113.0
28,16476,2015,21962,Flemming, GA,KL4CJBSB4FB231253,Buick,EncoreConvenience,SUV,Compact,27651.25,24.0,138.0,31.5,155.0,11175.25,3.0,27.75,3725.0833333333335
30,16000,2015,19446,Monroe, MI,KL4CJBSB2FB036929,Buick,EncoreConvenience,SUV,Compact,27651.25,24.0,138.0,31.5,155.0,11651.25,3.0,27.75,3883.75
31,16217,2015,23837,Raleigh, NC,KL4CJASB9FB235535,Buick,EncoreFWD,SUV,Compact,27651.25,24.0,138.0,31.5,155.0,11434.25,3.0,27.75,3811.4166666666665
32,16895,2015,21026,Souderton, PA,KL4CJASB9FB190502,Buick,EncoreFWD,SUV,Compact,27651.25,24.0,138.0,31.5,155.0,10756.25,3.0,27.75,3585.4166666666665
33,16900,2015,10369,Mechanicsburg, PA,KL4CJASB9FB270902,Buick,EncoreFWD,SUV,Compact,27651.25,24.0,138.0,31.5,155.0,10751.25,3.0,27.75,3583.75
34,17500,2015,7166,Williamstown, NJ,KL4CJBSB9FB222354,Buick,EncoreConvenience,SUV,Compact,27651.25,24.0,138.0,31.5,155.0,10151.25,3.0,27.75,3383.75
35,18988,2017,6111,Bowling Green, KY,KL4CJASB9HB048427,Buick,EncoreFWD,SUV,Compact,28015.0,25.0,138.0,31.7,155.0,9027.0,1.0,28.35,9027.0
36,15600,2015,33423,Virginia Beach, Va,KL4CJASB4FB178676,Buick,EncoreFWD,SUV,Compact,27651.25,24.0,138.0,31.5,155.0,12051.25,3.0,27.75,4017.0833333333335
37,17591,2015,10014,Tucson, AZ,KL4CJASB3FB117299,Buick,EncoreFWD,SUV,Compact,27651.25,24.0,138.0,31.5,155.0,10060.25,3.0,27.75,3353.4166666666665
38,15995,2015,20496,McDonough, GA,KL4CJBSB2FB101567,Buick,EncoreConvenience,SUV,Compact,27651.25,24.0,138.0,31.5,155.0,11656.25,3.0,27.75,3885.4166666666665
39,15593,2015,17440,Akron, OH,KL4CJESB7FB267195,Buick,EncoreAWD,SUV,Compact,27651.25,24.0,138.0,31.5,155.0,12058.25,3.0,27.75,4019.4166666666665
40,17900,2017,9850,Doral, FL,KL4CJASB6HB002683,Buick,EncoreFWD,SUV,Compact,28015.0,25.0,138.0,31.7,155.0,10115.0,1.0,28.35,10115.0
41,17000,2015,13590,Williamstown, NJ,KL4CJBSB0FB195254,Buick,EncoreConvenience,SUV,Compact,27651.25,24.0,138.0,31.5,155.0,10651.25,3.0,27.75,3550.4166666666665
43,16988,2016,12510,Naples, FL,KL4CJASB6GB565795,Buick,EncoreFWD,SUV,Compact,27921.0,24.6,141.0,31.8,155.0,10933.0,2.0,28.200000000000003,5466.5
44,15591,2015,29804,Jacksonville, FL,KL4CJASB0FB082415,Buick,EncoreFWD,SUV,Compact,27651.25,24.0,138.0,31.5,155.0,12060.25,3.0,27.75,4020.0833333333335
45,16737,2015,16701,Lutz, Fl,KL4CJASB1FB220883,Buick,EncoreFWD,SUV,Compact,27651.25,24.0,138.0,31.5,155.0,10914.25,3.0,27.75,3638.0833333333335
48,16799,2015,16735,Williamstown, NJ,KL4CJASB7FB234884,Buick,EncoreFWD,SUV,Compact,27651.25,24.0,138.0,31.5,155.0,10852.25,3.0,27.75,3617.4166666666665
50,17991,2016,14806,Tucson, AZ,KL4CJASB7GB620898,Buick,EncoreFWD,SUV,Compact,27921.0,24.6,141.0,31.8,155.0,9930.0,2.0,28.200000000000003,4965.0
51,15499,2015,37406,Killeen, TX,KL4CJBSB5FB096686,Buick,EncoreConvenience,SUV,Compact,27651.25,24.0,138.0,31.5,155.0,12152.25,3.0,27.75,4050.75
52,15725,2015,17005,Englewood, NJ,KL4CJASB4FB271181,Buick,EncoreFWD,SUV,Compact,27651.25,24.0,138.0,31.5,155.0,11926.25,3.0,27.75,3975.4166666666665
53,19663,2016,3064,Wilmington, NC,KL4CJASB5GB647064,Buick,EncoreFWD,SUV,Compact,27921.0,24.6,141.0,31.8,155.0,8258.0,2.0,28.200000000000003,4129.0
54,16445,2015,19469,Grapevine, TX,KL4CJBSBXFB166232,Buick,EncoreConvenience,SUV,Compact,27651.25,24.0,138.0,31.5,155.0,11206.25,3.0,27.75,3735.4166666666665
55,15750,2015,26927,Grapevine, TX,KL4CJBSB6FB162873,Buick,EncoreConvenience,SUV,Compact,27651.25,24.0,138.0,31.5,155.0,11901.25,3.0,27.75,3967.0833333333335
56,16567,2015,6156,Ocala, FL,KL4CJBSB2FB167861,Buick,EncoreConvenience,SUV,Compact,27651.25,24.0,138.0,31.5,155.0,11084.25,3.0,27.75,3694.75
57,17479,2015,15572,San Diego, CA,KL4CJBSBXFB260336,Buick,EncoreConvenience,SUV,Compact,27651.25,24.0,138.0,31.5,155.0,10172.25,3.0,27.75,3390.75
58,16344,2016,24241,GILBERT, AZ,KL4CJASB4GB652627,Buick,EncoreFWD,SUV,Compact,27921.0,24.6,141.0,31.8,155.0,11577.0,2.0,28.200000000000003,5788.5
59,20500,2017,2381,Lillington, NC,KL4CJASB3HB073968,Buick,EncoreFWD,SUV,Compact,28015.0,25.0,138.0,31.7,155.0,7515.0,1.0,28.35,7515.0
62,18991,2017,5395,Charlotte, NC,KL4CJASB6HB002375,Buick,EncoreFWD,SUV,Compact,28015.0,25.0,138.0,31.7,155.0,9024.0,1.0,28.35,9024.0
63,16984,2015,20433,Lone Tree, CO,KL4CJESB1FB265359,Buick,EncoreAWD,SUV,Compact,27651.25,24.0,138.0,31.5,155.0,10667.25,3.0,27.75,3555.75
64,17300,2015,24075,Lillington, NC,KL4CJBSB3FB253521,Buick,EncoreConvenience,SUV,Compact,27651.25,24.0,138.0,31.5,155.0,10351.25,3.0,27.75,3450.4166666666665
65,18676,2016,3448,Lutz, Fl,KL4CJBSB1GB719416,Buick,EncoreConvenience,SUV,Compact,27921.0,24.6,141.0,31.8,155.0,9245.0,2.0,28.200000000000003,4622.5
66,16400,2015,19581,Fairless Hills, PA,KL4CJASB2FB158880,Buick,EncoreFWD,SUV,Compact,27651.25,24.0,138.0,31.5,155.0,11251.25,3.0,27.75,3750.4166666666665
67,16947,2015,19091,Ellicott City, MD,KL4CJASB6FB125820,Buick,EncoreFWD,SUV,Compact,27651.25,24.0,138.0,31.5,155.0,10704.25,3.0,27.75,3568.0833333333335
68,17950,2015,7895,Fresno, CA,KL4CJASB7FB266072,Buick,EncoreFWD,SUV,Compact,27651.25,24.0,138.0,31.5,155.0,9701.25,3.0,27.75,3233.75
69,17500,2016,20157,Grapevine, TX,KL4CJBSB7GB529197,Buick,EncoreConvenience,SUV,Compact,27921.0,24.6,141.0,31.8,155.0,10421.0,2.0,28.200000000000003,5210.5
70,14990,2015,33847,Kirkwood, MO,KL4CJASB8FB267554,Buick,EncoreFWD,SUV,Compact,27651.25,24.0,138.0,31.5,155.0,12661.25,3.0,27.75,4220.416666666667
71,15995,2015,24930,Grand Forks, ND,KL4CJBSB3FB265331,Buick,EncoreConvenience,SUV,Compact,27651.25,24.0,138.0,31.5,155.0,11656.25,3.0,27.75,3885.4166666666665
74,16947,2015,22352,Brockton, MA,KL4CJESB1FB190453,Buick,EncoreAWD,SUV,Compact,27651.25,24.0,138.0,31.5,155.0,10704.25,3.0,27.75,3568.0833333333335
75,17998,2016,11015,Greenville, NC,KL4CJASBXGB545422,Buick,EncoreFWD,SUV,Compact,27921.0,24.6,141.0,31.8,155.0,9923.0,2.0,28.200000000000003,4961.5
78,15475,2016,40147,New Orleans, LA,KL4CJASB2GB577278,Buick,EncoreFWD,SUV,Compact,27921.0,24.6,141.0,31.8,155.0,12446.0,2.0,28.200000000000003,6223.0
79,14901,2015,51091,Selma, TX,KL4CJBSB3FB254619,Buick,EncoreConvenience,SUV,Compact,27651.25,24.0,138.0,31.5,155.0,12750.25,3.0,27.75,4250.083333333333
80,17853,2016,13503,Tallahassee, FL,KL4CJASB3GB537873,Buick,EncoreFWD,SUV,Compact,27921.0,24.6,141.0,31.8,155.0,10068.0,2.0,28.200000000000003,5034.0
81,18800,2016,8968,Kenosha, WI,KL4CJASB8GB602927,Buick,EncoreFWD,SUV,Compact,27921.0,24.6,141.0,31.8,155.0,9121.0,2.0,28.200000000000003,4560.5
82,16995,2015,23174,Souderton, PA,KL4CJASB9FB029910,Buick,EncoreFWD,SUV,Compact,27651.25,24.0,138.0,31.5,155.0,10656.25,3.0,27.75,3552.0833333333335
83,17991,2016,10059,Prince Frederick, MD,KL4CJASB5GB693316,Buick,EncoreFWD,SUV,Compact,27921.0,24.6,141.0,31.8,155.0,9930.0,2.0,28.200000000000003,4965.0
85,16495,2015,19495,Lynn, MA,KL4CJESB3FB233318,Buick,EncoreAWD,SUV,Compact,27651.25,24.0,138.0,31.5,155.0,11156.25,3.0,27.75,3718.75
86,17853,2016,13625,Tallahassee, FL,KL4CJASB2GB539436,Buick,EncoreFWD,SUV,Compact,27921.0,24.6,141.0,31.8,155.0,10068.0,2.0,28.200000000000003,5034.0
88,17400,2016,9368,Siloam Springs, AR,KL4CJASB0GB667433,Buick,EncoreFWD,SUV,Compact,27921.0,24.6,141.0,31.8,155.0,10521.0,2.0,28.200000000000003,5260.5
89,19327,2017,3339,Austin, TX,KL4CJASBXHB009295,Buick,EncoreFWD,SUV,Compact,28015.0,25.0,138.0,31.7,155.0,8688.0,1.0,28.35,8688.0
90,16343,2016,30716,Grove City, OH,KL4CJASB0GB605580,Buick,EncoreFWD,SUV,Compact,27921.0,24.6,141.0,31.8,155.0,11578.0,2.0,28.200000000000003,5789.0
91,15678,2015,19825,Noblesville, IN,KL4CJASB8FB237597,Buick,EncoreFWD,SUV,Compact,27651.25,24.0,138.0,31.5,155.0,11973.25,3.0,27.75,3991.0833333333335
92,16875,2015,14682,Miami, FL,KL4CJBSB0FB249328,Buick,EncoreConvenience,SUV,Compact,27651.25,24.0,138.0,31.5,155.0,10776.25,3.0,27.75,3592.0833333333335
93,16995,2015,26643,Marietta, GA,KL4CJCSB5FB098766,Buick,EncoreLeather,SUV,Compact,27651.25,24.0,138.0,31.5,155.0,10656.25,3.0,27.75,3552.0833333333335
95,15994,2015,16067,Seffner, FL,KL4CJCSB2FB170538,Buick,EncoreLeather,SUV,Compact,27651.25,24.0,138.0,31.5,155.0,11657.25,3.0,27.75,3885.75
97,16475,2015,15612,ORLANDO, FL,KL4CJASB9FB262847,Buick,EncoreFWD,SUV,Compact,27651.25,24.0,138.0,31.5,155.0,11176.25,3.0,27.75,3725.4166666666665
98,16300,2015,25485,Williamstown, NJ,KL4CJASB9FB207136,Buick,EncoreFWD,SUV,Compact,27651.25,24.0,138.0,31.5,155.0,11351.25,3.0,27.75,3783.75
101,20485,2017,5614,New Bern, NC,KL4CJASB2HB014748,Buick,EncoreFWD,SUV,Compact,28015.0,25.0,138.0,31.7,155.0,7530.0,1.0,28.35,7530.0
102,15392,2015,39846,Madison, WI,KL4CJBSB7FB042726,Buick,EncoreConvenience,SUV,Compact,27651.25,24.0,138.0,31.5,155.0,12259.25,3.0,27.75,4086.4166666666665
105,14376,2015,47383,Henderson, NV,KL4CJBSB0FB261477,Buick,EncoreConvenience,SUV,Compact,27651.25,24.0,138.0,31.5,155.0,13275.25,3.0,27.75,4425.083333333333
106,16992,2015,14754,Phoenix, AZ,KL4CJASB1FB155422,Buick,EncoreFWD,SUV,Compact,27651.25,24.0,138.0,31.5,155.0,10659.25,3.0,27.75,3553.0833333333335
107,15555,2015,22058,Farmington, NY,KL4CJASB2FB269882,Buick,EncoreFWD,SUV,Compact,27651.25,24.0,138.0,31.5,155.0,12096.25,3.0,27.75,4032.0833333333335
108,16468,2015,11219,Cincinnati, OH,KL4CJBSBXFB072173,Buick,EncoreConvenience,SUV,Compact,27651.25,24.0,138.0,31.5,155.0,11183.25,3.0,27.75,3727.75
109,16533,2016,28871,Corbin, KY,KL4CJASB1GB696908,Buick,EncoreFWD,SUV,Compact,27921.0,24.6,141.0,31.8,155.0,11388.0,2.0,28.200000000000003,5694.0
110,15595,2015,21745,Denton, TX,KL4CJFSB1FB219276,Buick,EncoreConvenience,SUV,Compact,27651.25,24.0,138.0,31.5,155.0,12056.25,3.0,27.75,4018.75
111,17659,2016,16669,Lakewood, NJ,KL4CJASBXGB646248,Buick,EncoreFWD,SUV,Compact,27921.0,24.6,141.0,31.8,155.0,10262.0,2.0,28.200000000000003,5131.0
112,16470,2015,20030,Orlando, FL,KL4CJASB9FB090528,Buick,EncoreFWD,SUV,Compact,27651.25,24.0,138.0,31.5,155.0,11181.25,3.0,27.75,3727.0833333333335
113,15377,2015,34393,North Olmsted, OH,KL4CJASB1FB063386,Buick,EncoreFWD,SUV,Compact,27651.25,24.0,138.0,31.5,155.0,12274.25,3.0,27.75,4091.4166666666665
114,17976,2016,17887,Aurora, MO,KL4CJASB5GB677794,Buick,EncoreFWD,SUV,Compact,27921.0,24.6,141.0,31.8,155.0,9945.0,2.0,28.200000000000003,4972.5
115,17988,2015,1592,Fruitland Park, FL,KL4CJBSB3FB206862,Buick,EncoreConvenience,SUV,Compact,27651.25,24.0,138.0,31.5,155.0,9663.25,3.0,27.75,3221.0833333333335
117,16244,2015,22428,Anaheim, CA,KL4CJASB3FB266084,Buick,EncoreFWD,SUV,Compact,27651.25,24.0,138.0,31.5,155.0,11407.25,3.0,27.75,3802.4166666666665
119,16999,2015,12558,Port Richey, FL,KL4CJASB6FB267312,Buick,EncoreFWD,SUV,Compact,27651.25,24.0,138.0,31.5,155.0,10652.25,3.0,27.75,3550.75
120,15599,2015,29851,Norfolk, VA,KL4CJASB8FB210237,Buick,EncoreFWD,SUV,Compact,27651.25,24.0,138.0,31.5,155.0,12052.25,3.0,27.75,4017.4166666666665
121,16495,2015,18905,Metairie, LA,KL4CJASB3FB265968,Buick,EncoreFWD,SUV,Compact,27651.25,24.0,138.0,31.5,155.0,11156.25,3.0,27.75,3718.75
123,18988,2016,15851,Topeka, KS,KL4CJASB6GB724251,Buick,EncoreFWD,SUV,Compact,27921.0,24.6,141.0,31.8,155.0,8933.0,2.0,28.200000000000003,4466.5
124,16991,2015,22450,Tucson, AZ,KL4CJASB7FB208107,Buick,EncoreFWD,SUV,Compact,27651.25,24.0,138.0,31.5,155.0,10660.25,3.0,27.75,3553.4166666666665
125,16488,2015,21713,Zelienople, PA,KL4CJASB5FB253207,Buick,EncoreFWD,SUV,Compact,27651.25,24.0,138.0,31.5,155.0,11163.25,3.0,27.75,3721.0833333333335
126,16230,2015,15010,Buford, GA,KL4CJASB4FB212826,Buick,EncoreFWD,SUV,Compact,27651.25,24.0,138.0,31.5,155.0,11421.25,3.0,27.75,3807.0833333333335
127,14999,2015,38390,Downers Grove, IL,KL4CJBSB4FB153038,Buick,EncoreConvenience,SUV,Compact,27651.25,24.0,138.0,31.5,155.0,12652.25,3.0,27.75,4217.416666666667
129,17466,2016,21450,St. Louis, MO,KL4CJASB1GB601795,Buick,EncoreFWD,SUV,Compact,27921.0,24.6,141.0,31.8,155.0,10455.0,2.0,28.200000000000003,5227.5
131,16200,2015,26981,Plainfield, IN,KL4CJBSB4FB147403,Buick,EncoreConvenience,SUV,Compact,27651.25,24.0,138.0,31.5,155.0,11451.25,3.0,27.75,3817.0833333333335
132,16588,2015,21500,Red Springs, NC,KL4CJASB2FB216101,Buick,EncoreFWD,SUV,Compact,27651.25,24.0,138.0,31.5,155.0,11063.25,3.0,27.75,3687.75
133,16791,2015,25389,Tucson, AZ,KL4CJASB8FB203305,Buick,EncoreFWD,SUV,Compact,27651.25,24.0,138.0,31.5,155.0,10860.25,3.0,27.75,3620.0833333333335
134,17283,2015,13444,Houston, TX,KL4CJASB3FB261807,Buick,EncoreFWD,SUV,Compact,27651.25,24.0,138.0,31.5,155.0,10368.25,3.0,27.75,3456.0833333333335
135,20300,2017,239,Hermitage, PA,KL4CJASB8HB164833,Buick,EncoreFWD,SUV,Compact,28015.0,25.0,138.0,31.7,155.0,7715.0,1.0,28.35,7715.0
137,22846,2017,27351,Delavan, WI,1G4PR5SK5H4110302,Buick,VeranoSport,Sedan,Midsize,23911.666666666668,21.0,180.0,31.0,155.0,1065.6666666666679,1.0,26.0,1065.6666666666679
138,18914,2016,8032,Carmel, IN,KL4CJASB7GB645770,Buick,EncoreFWD,SUV,Compact,27921.0,24.6,141.0,31.8,155.0,9007.0,2.0,28.200000000000003,4503.5
139,16188,2015,19877,Fishers, IN,KL4CJASB2FB222447,Buick,EncoreFWD,SUV,Compact,27651.25,24.0,138.0,31.5,155.0,11463.25,3.0,27.75,3821.0833333333335
140,17500,2015,19103,Cranston, RI,KL4CJESB5FB268619,Buick,EncoreAWD,SUV,Compact,27651.25,24.0,138.0,31.5,155.0,10151.25,3.0,27.75,3383.75
142,15988,2015,24020,San Jose, CA,KL4CJASB4FB090212,Buick,EncoreFWD,SUV,Compact,27651.25,24.0,138.0,31.5,155.0,11663.25,3.0,27.75,3887.75
143,17935,2015,14622,Sea Girt, NJ,KL4CJASBXFB137226,Buick,EncoreFWD,SUV,Compact,27651.25,24.0,138.0,31.5,155.0,9716.25,3.0,27.75,3238.75
144,16890,2016,16702,Temple Hills, MD,KL4CJASB4GB680699,Buick,EncoreFWD,SUV,Compact,27921.0,24.6,141.0,31.8,155.0,11031.0,2.0,28.200000000000003,5515.5
145,18500,2015,3612,Grapevine, TX,KL4CJBSB7FB169170,Buick,EncoreConvenience,SUV,Compact,27651.25,24.0,138.0,31.5,155.0,9151.25,3.0,27.75,3050.4166666666665
146,15999,2015,27410,Conyers, GA,KL4CJASBXFB113489,Buick,EncoreFWD,SUV,Compact,27651.25,24.0,138.0,31.5,155.0,11652.25,3.0,27.75,3884.0833333333335
148,17512,2015,10728,Amarillo, TX,KL4CJESBXFB170833,Buick,EncoreAWD,SUV,Compact,27651.25,24.0,138.0,31.5,155.0,10139.25,3.0,27.75,3379.75
149,18879,2017,23261,Las Vegas, NV,KL4CJCSB4HB008459,Buick,EncoreFWD,SUV,Compact,28015.0,25.0,138.0,31.7,155.0,9136.0,1.0,28.35,9136.0
150,16500,2015,21072,Smyrna, GA,KL4CJASB3FB230489,Buick,EncoreFWD,SUV,Compact,27651.25,24.0,138.0,31.5,155.0,11151.25,3.0,27.75,3717.0833333333335
151,18487,2016,7681,Gladstone, OR,KL4CJASB9GB736412,Buick,EncoreFWD,SUV,Compact,27921.0,24.6,141.0,31.8,155.0,9434.0,2.0,28.200000000000003,4717.0
152,18995,2016,2815,Newnan, GA,KL4CJASB2GB734727,Buick,EncoreFWD,SUV,Compact,27921.0,24.6,141.0,31.8,155.0,8926.0,2.0,28.200000000000003,4463.0
153,15473,2015,43366,Avon, IN,KL4CJASB5FB108216,Buick,EncoreFWD,SUV,Compact,27651.25,24.0,138.0,31.5,155.0,12178.25,3.0,27.75,4059.4166666666665
154,16858,2015,23550,Scottsdale, AZ,KL4CJASB5FB245205,Buick,EncoreFWD,SUV,Compact,27651.25,24.0,138.0,31.5,155.0,10793.25,3.0,27.75,3597.75
155,16995,2015,17116,Phoenix, AZ,KL4CJASB1FB184550,Buick,EncoreFWD,SUV,Compact,27651.25,24.0,138.0,31.5,155.0,10656.25,3.0,27.75,3552.0833333333335
156,17000,2015,29353,Placerville, CA,KL4CJASB0FB256466,Buick,EncoreFWD,SUV,Compact,27651.25,24.0,138.0,31.5,155.0,10651.25,3.0,27.75,3550.4166666666665
157,16996,2015,21920,Irwin, PA,KL4CJASB5FB230901,Buick,EncoreFWD,SUV,Compact,27651.25,24.0,138.0,31.5,155.0,10655.25,3.0,27.75,3551.75
158,18000,2015,8235,Woonsocket, RI,KL4CJESB5FB228542,Buick,EncoreAWD,SUV,Compact,27651.25,24.0,138.0,31.5,155.0,9651.25,3.0,27.75,3217.0833333333335
160,17990,2015,11558,Carmel, IN,KL4CJASB7FB249384,Buick,EncoreFWD,SUV,Compact,27651.25,24.0,138.0,31.5,155.0,9661.25,3.0,27.75,3220.4166666666665
161,18000,2016,13807,Flagstaff, AZ,KL4CJASB8GB570853,Buick,EncoreFWD,SUV,Compact,27921.0,24.6,141.0,31.8,155.0,9921.0,2.0,28.200000000000003,4960.5
162,18460,2016,6177,Matthews, NC,KL4CJASB3GB665286,Buick,EncoreFWD,SUV,Compact,27921.0,24.6,141.0,31.8,155.0,9461.0,2.0,28.200000000000003,4730.5
163,18000,2015,7775,Birmingham, AL,KL4CJASBXFB186667,Buick,EncoreFWD,SUV,Compact,27651.25,24.0,138.0,31.5,155.0,9651.25,3.0,27.75,3217.0833333333335
164,16241,2015,26479,Mission, TX,KL4CJASB3FB062031,Buick,EncoreFWD,SUV,Compact,27651.25,24.0,138.0,31.5,155.0,11410.25,3.0,27.75,3803.4166666666665
165,17477,2015,11637,Ridgeland, MS,KL4CJASB6FB248890,Buick,EncoreFWD,SUV,Compact,27651.25,24.0,138.0,31.5,155.0,10174.25,3.0,27.75,3391.4166666666665
166,15997,2015,29539,Phoenix, AZ,KL4CJBSBXFB164335,Buick,EncoreConvenience,SUV,Compact,27651.25,24.0,138.0,31.5,155.0,11654.25,3.0,27.75,3884.75
167,16496,2015,29670,Aurora, MO,KL4CJASB7FB037133,Buick,EncoreFWD,SUV,Compact,27651.25,24.0,138.0,31.5,155.0,11155.25,3.0,27.75,3718.4166666666665
168,16969,2015,16939,Houston, TX,KL4CJASB5FB258455,Buick,EncoreFWD,SUV,Compact,27651.25,24.0,138.0,31.5,155.0,10682.25,3.0,27.75,3560.75
169,17977,2016,14693,Palm Coast, FL,KL4CJASB6GB546406,Buick,EncoreFWD,SUV,Compact,27921.0,24.6,141.0,31.8,155.0,9944.0,2.0,28.200000000000003,4972.0
170,14675,2015,43174,Metairie, LA,KL4CJBSB1FB049722,Buick,EncoreConvenience,SUV,Compact,27651.25,24.0,138.0,31.5,155.0,12976.25,3.0,27.75,4325.416666666667
171,16988,2015,26718,Ft Walton Beach, FL,KL4CJCSB2FB169101,Buick,EncoreLeather,SUV,Compact,27651.25,24.0,138.0,31.5,155.0,10663.25,3.0,27.75,3554.4166666666665
172,17691,2016,13366,Downers Grove, IL,KL4CJASB8GB645972,Buick,EncoreFWD,SUV,Compact,27921.0,24.6,141.0,31.8,155.0,10230.0,2.0,28.200000000000003,5115.0
173,16995,2015,10635,Spencerport, NY,KL4CJASB6FB141693,Buick,EncoreFWD,SUV,Compact,27651.25,24.0,138.0,31.5,155.0,10656.25,3.0,27.75,3552.0833333333335
174,21995,2015,36912,Albuquerque, NM,1G4PR5SK3F4152402,Buick,VeranoConvenience,Sedan,Midsize,25146.0,21.0,194.0,31.6,155.0,3151.0,3.0,26.3,1050.3333333333333
176,17274,2015,14579,Branson, MO,KL4CJBSB8FB194529,Buick,EncoreConvenience,SUV,Compact,27651.25,24.0,138.0,31.5,155.0,10377.25,3.0,27.75,3459.0833333333335
177,17904,2015,7012,Amarillo, TX,KL4CJASB6FB096044,Buick,EncoreFWD,SUV,Compact,27651.25,24.0,138.0,31.5,155.0,9747.25,3.0,27.75,3249.0833333333335
178,18901,2016,6634,St Peters, MO,KL4CJASB7GB718801,Buick,EncoreFWD,SUV,Compact,27921.0,24.6,141.0,31.8,155.0,9020.0,2.0,28.200000000000003,4510.0
179,17500,2015,11972,Maryville, MO,KL4CJASB4FB139098,Buick,EncoreFWD,SUV,Compact,27651.25,24.0,138.0,31.5,155.0,10151.25,3.0,27.75,3383.75
180,18300,2015,11941,Clarksville, TN,KL4CJASB5FB270363,Buick,EncoreFWD,SUV,Compact,27651.25,24.0,138.0,31.5,155.0,9351.25,3.0,27.75,3117.0833333333335
181,18640,2016,1737,Homosassa, FL,KL4CJASB4GB701227,Buick,EncoreFWD,SUV,Compact,27921.0,24.6,141.0,31.8,155.0,9281.0,2.0,28.200000000000003,4640.5
182,17649,2015,17524,Lillington, NC,KL4CJASB0FB240476,Buick,EncoreFWD,SUV,Compact,27651.25,24.0,138.0,31.5,155.0,10002.25,3.0,27.75,3334.0833333333335
183,16987,2015,18936,Houston, TX,KL4CJASB1FB193233,Buick,EncoreFWD,SUV,Compact,27651.25,24.0,138.0,31.5,155.0,10664.25,3.0,27.75,3554.75
185,14500,2015,38441,Charlotte, NC,KL4CJFSB2FB046478,Buick,EncoreConvenience,SUV,Compact,27651.25,24.0,138.0,31.5,155.0,13151.25,3.0,27.75,4383.75
186,18588,2016,7781,Tyler, TX,KL4CJASB5GB675804,Buick,EncoreFWD,SUV,Compact,27921.0,24.6,141.0,31.8,155.0,9333.0,2.0,28.200000000000003,4666.5
187,17991,2016,15184,Bradenton, FL,KL4CJASB4GB557839,Buick,EncoreFWD,SUV,Compact,27921.0,24.6,141.0,31.8,155.0,9930.0,2.0,28.200000000000003,4965.0
188,17404,2015,17504,Jefferson City, MO,KL4CJESB2FB098431,Buick,EncoreAWD,SUV,Compact,27651.25,24.0,138.0,31.5,155.0,10247.25,3.0,27.75,3415.75
189,18499,2017,7655,Atlanta, GA,KL4CJCSB6HB007491,Buick,EncoreFWD,SUV,Compact,28015.0,25.0,138.0,31.7,155.0,9516.0,1.0,28.35,9516.0
190,16995,2015,27385,Austin, TX,KL4CJBSB1FB216161,Buick,EncoreConvenience,SUV,Compact,27651.25,24.0,138.0,31.5,155.0,10656.25,3.0,27.75,3552.0833333333335
191,17785,2015,17453,Oswego, NY,KL4CJESB0FB201197,Buick,EncoreAWD,SUV,Compact,27651.25,24.0,138.0,31.5,155.0,9866.25,3.0,27.75,3288.75
192,18684,2017,15298,Corbin, KY,KL4CJASB9HB035306,Buick,EncoreFWD,SUV,Compact,28015.0,25.0,138.0,31.7,155.0,9331.0,1.0,28.35,9331.0
193,16950,2015,9172,Duluth, GA,KL4CJASB1FB237408,Buick,EncoreFWD,SUV,Compact,27651.25,24.0,138.0,31.5,155.0,10701.25,3.0,27.75,3567.0833333333335
195,15991,2016,43864,St. Louis, MO,KL4CJASB6GB675603,Buick,EncoreFWD,SUV,Compact,27921.0,24.6,141.0,31.8,155.0,11930.0,2.0,28.200000000000003,5965.0
196,17494,2016,21192,Newberry, SC,KL4CJBSB9GB540850,Buick,EncoreConvenience,SUV,Compact,27921.0,24.6,141.0,31.8,155.0,10427.0,2.0,28.200000000000003,5213.5
199,16991,2015,22787,Houston, TX,KL4CJBSB4FB154819,Buick,EncoreConvenience,SUV,Compact,27651.25,24.0,138.0,31.5,155.0,10660.25,3.0,27.75,3553.4166666666665
200,15997,2015,22686,Cincinnati, OH,KL4CJBSB1FB263139,Buick,EncoreConvenience,SUV,Compact,27651.25,24.0,138.0,31.5,155.0,11654.25,3.0,27.75,3884.75
203,17880,2016,17238,Red Springs, NC,KL4CJASB3GB552728,Buick,EncoreFWD,SUV,Compact,27921.0,24.6,141.0,31.8,155.0,10041.0,2.0,28.200000000000003,5020.5
204,17384,2015,16851,Syracuse, NY,KL4CJESB3FB219077,Buick,EncoreAWD,SUV,Compact,27651.25,24.0,138.0,31.5,155.0,10267.25,3.0,27.75,3422.4166666666665
205,16711,2015,16895,Chicago, IL,KL4CJASB8FB258353,Buick,EncoreFWD,SUV,Compact,27651.25,24.0,138.0,31.5,155.0,10940.25,3.0,27.75,3646.75
206,16980,2015,19353,Hartsville, SC,KL4CJBSB1FB211445,Buick,EncoreConvenience,SUV,Compact,27651.25,24.0,138.0,31.5,155.0,10671.25,3.0,27.75,3557.0833333333335
207,18000,2016,15396,Flagstaff, AZ,KL4CJASB1GB563131,Buick,EncoreFWD,SUV,Compact,27921.0,24.6,141.0,31.8,155.0,9921.0,2.0,28.200000000000003,4960.5
208,16294,2015,21230,Fishers, IN,KL4CJASB7FB121775,Buick,EncoreFWD,SUV,Compact,27651.25,24.0,138.0,31.5,155.0,11357.25,3.0,27.75,3785.75
209,19900,2016,5,Simi Valley, CA,KL4CJBSB4GB663679,Buick,EncoreConvenience,SUV,Compact,27921.0,24.6,141.0,31.8,155.0,8021.0,2.0,28.200000000000003,4010.5
210,17676,2015,10795,Ridgeland, MS,KL4CJASBXFB241019,Buick,EncoreFWD,SUV,Compact,27651.25,24.0,138.0,31.5,155.0,9975.25,3.0,27.75,3325.0833333333335
211,17853,2016,20050,Anderson, SC,KL4CJASB1GB534695,Buick,EncoreFWD,SUV,Compact,27921.0,24.6,141.0,31.8,155.0,10068.0,2.0,28.200000000000003,5034.0
212,18495,2016,6481,Collinsville, IL,KL4CJBSB9GB620388,Buick,EncoreConvenience,SUV,Compact,27921.0,24.6,141.0,31.8,155.0,9426.0,2.0,28.200000000000003,4713.0
214,16525,2015,20325,East Dundee, IL,KL4CJASB5FB243230,Buick,EncoreFWD,SUV,Compact,27651.25,24.0,138.0,31.5,155.0,11126.25,3.0,27.75,3708.75
215,17500,2016,21000,BROKEN ARROW, OK,KL4CJASB2GB643053,Buick,EncoreFWD,SUV,Compact,27921.0,24.6,141.0,31.8,155.0,10421.0,2.0,28.200000000000003,5210.5
216,14980,2015,43461,Muskogee, OK,KL4CJASB5FB194479,Buick,EncoreFWD,SUV,Compact,27651.25,24.0,138.0,31.5,155.0,12671.25,3.0,27.75,4223.75
217,17200,2015,23389,Hermitage, PA,KL4CJESB8FB249756,Buick,EncoreAWD,SUV,Compact,27651.25,24.0,138.0,31.5,155.0,10451.25,3.0,27.75,3483.75
219,17000,2015,23977,Columbus, OH,KL4CJBSB7FB102293,Buick,EncoreConvenience,SUV,Compact,27651.25,24.0,138.0,31.5,155.0,10651.25,3.0,27.75,3550.4166666666665
220,18990,2017,2608,Canton, MA,KL4CJASB8HB074470,Buick,EncoreFWD,SUV,Compact,28015.0,25.0,138.0,31.7,155.0,9025.0,1.0,28.35,9025.0
221,15000,2015,33508,Baltimore, MD,KL4CJASB7FB124627,Buick,EncoreFWD,SUV,Compact,27651.25,24.0,138.0,31.5,155.0,12651.25,3.0,27.75,4217.083333333333
223,16995,2015,19384,Conway, SC,KL4CJASB5FB225911,Buick,EncoreFWD,SUV,Compact,27651.25,24.0,138.0,31.5,155.0,10656.25,3.0,27.75,3552.0833333333335
224,17499,2015,13317,Bedford, OH,KL4CJBSB9FB154525,Buick,EncoreConvenience,SUV,Compact,27651.25,24.0,138.0,31.5,155.0,10152.25,3.0,27.75,3384.0833333333335
226,19000,2016,3879,Lexington, KY,KL4CJBSB9GB708227,Buick,EncoreConvenience,SUV,Compact,27921.0,24.6,141.0,31.8,155.0,8921.0,2.0,28.200000000000003,4460.5
229,18997,2016,6871,Jonesboro, AR,KL4CJASB2GB528291,Buick,EncoreFWD,SUV,Compact,27921.0,24.6,141.0,31.8,155.0,8924.0,2.0,28.200000000000003,4462.0
230,19842,2017,5280,Anderson, SC,KL4CJASB1HB013736,Buick,EncoreFWD,SUV,Compact,28015.0,25.0,138.0,31.7,155.0,8173.0,1.0,28.35,8173.0
231,16901,2015,20739,Yuba City, CA,KL4CJASB3FB126763,Buick,EncoreFWD,SUV,Compact,27651.25,24.0,138.0,31.5,155.0,10750.25,3.0,27.75,3583.4166666666665
232,15469,2015,43153,Albuquerque, NM,KL4CJBSB0FB073803,Buick,EncoreConvenience,SUV,Compact,27651.25,24.0,138.0,31.5,155.0,12182.25,3.0,27.75,4060.75
233,16998,2015,20357,Houston, TX,KL4CJASB3FB237619,Buick,EncoreFWD,SUV,Compact,27651.25,24.0,138.0,31.5,155.0,10653.25,3.0,27.75,3551.0833333333335
235,16996,2015,17856,Pueblo, CO,KL4CJASBXFB057862,Buick,EncoreFWD,SUV,Compact,27651.25,24.0,138.0,31.5,155.0,10655.25,3.0,27.75,3551.75
236,17630,2015,15619,Newport News, VA,KL4CJBSB3FB252823,Buick,EncoreConvenience,SUV,Compact,27651.25,24.0,138.0,31.5,155.0,10021.25,3.0,27.75,3340.4166666666665
237,16998,2015,19821,Shelby, NC,KL4CJASB9FB269930,Buick,EncoreFWD,SUV,Compact,27651.25,24.0,138.0,31.5,155.0,10653.25,3.0,27.75,3551.0833333333335
238,18684,2016,8120,Tampa, FL,KL4CJASB3GB742626,Buick,EncoreFWD,SUV,Compact,27921.0,24.6,141.0,31.8,155.0,9237.0,2.0,28.200000000000003,4618.5
239,19849,2016,2645,Clearwater, FL,KL4CJBSB8GB718053,Buick,EncoreConvenience,SUV,Compact,27921.0,24.6,141.0,31.8,155.0,8072.0,2.0,28.200000000000003,4036.0
240,17371,2016,24000,Edinburg, TX,KL4CJASBXGB566982,Buick,EncoreFWD,SUV,Compact,27921.0,24.6,141.0,31.8,155.0,10550.0,2.0,28.200000000000003,5275.0
242,16995,2015,10133,Wall, NJ,KL4CJESB4FB218391,Buick,EncoreAWD,SUV,Compact,27651.25,24.0,138.0,31.5,155.0,10656.25,3.0,27.75,3552.0833333333335
244,17251,2015,13894,Houston, TX,KL4CJASB5FB211720,Buick,EncoreFWD,SUV,Compact,27651.25,24.0,138.0,31.5,155.0,10400.25,3.0,27.75,3466.75
245,15990,2015,33212,Gurnee, IL,KL4CJESB7FB167713,Buick,EncoreAWD,SUV,Compact,27651.25,24.0,138.0,31.5,155.0,11661.25,3.0,27.75,3887.0833333333335
246,17499,2015,16493,Johnston, RI,KL4CJFSB2FB140554,Buick,EncoreConvenience,SUV,Compact,27651.25,24.0,138.0,31.5,155.0,10152.25,3.0,27.75,3384.0833333333335
247,15985,2015,32219,Excelsior Springs, MO,KL4CJASB9FB152784,Buick,EncoreFWD,SUV,Compact,27651.25,24.0,138.0,31.5,155.0,11666.25,3.0,27.75,3888.75
248,17499,2015,19978,El Paso, TX,KL4CJASB5FB267897,Buick,EncoreFWD,SUV,Compact,27651.25,24.0,138.0,31.5,155.0,10152.25,3.0,27.75,3384.0833333333335
249,17500,2015,18067,Taylor, MI,KL4CJBSB6FB219475,Buick,EncoreConvenience,SUV,Compact,27651.25,24.0,138.0,31.5,155.0,10151.25,3.0,27.75,3383.75
250,17000,2015,21475,Plainfield, IN,KL4CJBSB2FB255583,Buick,EncoreConvenience,SUV,Compact,27651.25,24.0,138.0,31.5,155.0,10651.25,3.0,27.75,3550.4166666666665
251,17994,2015,12296,Mesa, AZ,KL4CJBSB2FB238749,Buick,EncoreConvenience,SUV,Compact,27651.25,24.0,138.0,31.5,155.0,9657.25,3.0,27.75,3219.0833333333335
252,16288,2015,33761,Delray Beach, FL,KL4CJBSB9FB047717,Buick,EncoreConvenience,SUV,Compact,27651.25,24.0,138.0,31.5,155.0,11363.25,3.0,27.75,3787.75
253,18000,2016,16760,Edinburg, TX,KL4CJASB4GB618915,Buick,EncoreFWD,SUV,Compact,27921.0,24.6,141.0,31.8,155.0,9921.0,2.0,28.200000000000003,4960.5
254,16634,2015,24636,Fort Lauderdale, FL,KL4CJASB7FB225358,Buick,EncoreFWD,SUV,Compact,27651.25,24.0,138.0,31.5,155.0,11017.25,3.0,27.75,3672.4166666666665
255,17500,2015,14209,Lees Summit, MO,KL4CJASB4FB195154,Buick,EncoreFWD,SUV,Compact,27651.25,24.0,138.0,31.5,155.0,10151.25,3.0,27.75,3383.75
256,16640,2015,23750,Lakeland, FL,KL4CJASB7FB234934,Buick,EncoreFWD,SUV,Compact,27651.25,24.0,138.0,31.5,155.0,11011.25,3.0,27.75,3670.4166666666665
257,13999,2015,53359,Jacksonville, FL,KL4CJBSB3FB040262,Buick,EncoreConvenience,SUV,Compact,27651.25,24.0,138.0,31.5,155.0,13652.25,3.0,27.75,4550.75
259,20000,2017,1406,Circleville, OH,KL4CJASB5HB082588,Buick,EncoreFWD,SUV,Compact,28015.0,25.0,138.0,31.7,155.0,8015.0,1.0,28.35,8015.0
261,17900,2015,9529,Bradley, IL,KL4CJASB5FB234883,Buick,EncoreFWD,SUV,Compact,27651.25,24.0,138.0,31.5,155.0,9751.25,3.0,27.75,3250.4166666666665
263,18580,2015,11125,PLANO, TX,KL4CJASB6FB232351,Buick,EncoreFWD,SUV,Compact,27651.25,24.0,138.0,31.5,155.0,9071.25,3.0,27.75,3023.75
264,17492,2015,18501,The Woodlands, TX,KL4CJASB2FB230600,Buick,EncoreFWD,SUV,Compact,27651.25,24.0,138.0,31.5,155.0,10159.25,3.0,27.75,3386.4166666666665
265,16871,2015,17862,GILBERT, AZ,KL4CJASB9FB265263,Buick,EncoreFWD,SUV,Compact,27651.25,24.0,138.0,31.5,155.0,10780.25,3.0,27.75,3593.4166666666665
266,15499,2015,45435,Des Moines, IA,KL4CJBSB9FB040010,Buick,EncoreConvenience,SUV,Compact,27651.25,24.0,138.0,31.5,155.0,12152.25,3.0,27.75,4050.75
267,14450,2015,58501,Somersworth, NH,KL4CJESB2FB087705,Buick,EncoreAWD,SUV,Compact,27651.25,24.0,138.0,31.5,155.0,13201.25,3.0,27.75,4400.416666666667
268,18000,2016,13317,Charlotte, MI,KL4CJASB8GB595378,Buick,EncoreFWD,SUV,Compact,27921.0,24.6,141.0,31.8,155.0,9921.0,2.0,28.200000000000003,4960.5
270,18426,2015,9004,Cockeysville, MD,KL4CJESB0FB141132,Buick,EncoreAWD,SUV,Compact,27651.25,24.0,138.0,31.5,155.0,9225.25,3.0,27.75,3075.0833333333335
271,18887,2016,14366,Dawsonville, GA,KL4CJASB4GB516028,Buick,EncoreFWD,SUV,Compact,27921.0,24.6,141.0,31.8,155.0,9034.0,2.0,28.200000000000003,4517.0
272,18000,2016,22321,Grapevine, TX,KL4CJBSBXGB523457,Buick,EncoreConvenience,SUV,Compact,27921.0,24.6,141.0,31.8,155.0,9921.0,2.0,28.200000000000003,4960.5
273,18500,2016,11341,Chicago, IL,KL4CJASB8GB608274,Buick,EncoreFWD,SUV,Compact,27921.0,24.6,141.0,31.8,155.0,9421.0,2.0,28.200000000000003,4710.5
274,19430,2017,5979,Mesa, AZ,KL4CJASB3HB019697,Buick,EncoreFWD,SUV,Compact,28015.0,25.0,138.0,31.7,155.0,8585.0,1.0,28.35,8585.0
275,16790,2015,13520,Roswell, GA,KL4CJESB4FB230900,Buick,EncoreAWD,SUV,Compact,27651.25,24.0,138.0,31.5,155.0,10861.25,3.0,27.75,3620.4166666666665
276,18524,2016,11100,Hamler, OH,KL4CJASB0GB671000,Buick,EncoreFWD,SUV,Compact,27921.0,24.6,141.0,31.8,155.0,9397.0,2.0,28.200000000000003,4698.5
277,18850,2015,2571,Taylor, MI,KL4CJASB8FB246557,Buick,EncoreFWD,SUV,Compact,27651.25,24.0,138.0,31.5,155.0,8801.25,3.0,27.75,2933.75
278,17129,2015,19344,Saint Joseph, MO,KL4CJASBXFB140398,Buick,EncoreFWD,SUV,Compact,27651.25,24.0,138.0,31.5,155.0,10522.25,3.0,27.75,3507.4166666666665
279,18893,2016,10873,Blair, NE,KL4CJASB2GB750572,Buick,EncoreFWD,SUV,Compact,27921.0,24.6,141.0,31.8,155.0,9028.0,2.0,28.200000000000003,4514.0
280,18878,2016,5339,Lima, OH,KL4CJASB8GB626337,Buick,EncoreFWD,SUV,Compact,27921.0,24.6,141.0,31.8,155.0,9043.0,2.0,28.200000000000003,4521.5
283,14900,2015,43214,Enterprise, AL,KL4CJASB9FB152025,Buick,EncoreFWD,SUV,Compact,27651.25,24.0,138.0,31.5,155.0,12751.25,3.0,27.75,4250.416666666667
284,19991,2017,2243,Prince Frederick, MD,KL4CJASB2HB083021,Buick,EncoreFWD,SUV,Compact,28015.0,25.0,138.0,31.7,155.0,8024.0,1.0,28.35,8024.0
285,16250,2015,20306,Louisville, KY,KL4CJASB0FB153998,Buick,EncoreFWD,SUV,Compact,27651.25,24.0,138.0,31.5,155.0,11401.25,3.0,27.75,3800.4166666666665
287,18411,2016,12756,Fort Lauderdale, FL,KL4CJASB4GB542161,Buick,EncoreFWD,SUV,Compact,27921.0,24.6,141.0,31.8,155.0,9510.0,2.0,28.200000000000003,4755.0
288,16490,2015,17472,Duluth, GA,KL4CJASB3FB240536,Buick,EncoreFWD,SUV,Compact,27651.25,24.0,138.0,31.5,155.0,11161.25,3.0,27.75,3720.4166666666665
289,16500,2015,17360,Phoenix, AZ,KL4CJASB8FB141663,Buick,EncoreFWD,SUV,Compact,27651.25,24.0,138.0,31.5,155.0,11151.25,3.0,27.75,3717.0833333333335
290,14273,2016,55845,Russellville, KY,KL4CJASB5GB612475,Buick,EncoreFWD,SUV,Compact,27921.0,24.6,141.0,31.8,155.0,13648.0,2.0,28.200000000000003,6824.0
292,17000,2015,16125,Rome, GA,KL4CJBSB8FB167587,Buick,EncoreConvenience,SUV,Compact,27651.25,24.0,138.0,31.5,155.0,10651.25,3.0,27.75,3550.4166666666665
293,16000,2015,29061,Melbourne, FL,KL4CJASB7FB051291,Buick,EncoreFWD,SUV,Compact,27651.25,24.0,138.0,31.5,155.0,11651.25,3.0,27.75,3883.75
294,15499,2015,29539,Chicago, IL,KL4CJFSB3FB216542,Buick,EncoreConvenience,SUV,Compact,27651.25,24.0,138.0,31.5,155.0,12152.25,3.0,27.75,4050.75
295,18410,2016,10905,Coral Springs, FL,KL4CJASB1GB659275,Buick,EncoreFWD,SUV,Compact,27921.0,24.6,141.0,31.8,155.0,9511.0,2.0,28.200000000000003,4755.5
300,16877,2015,30498,Paso Robles, CA,KL4CJASB3FB155325,Buick,EncoreFWD,SUV,Compact,27651.25,24.0,138.0,31.5,155.0,10774.25,3.0,27.75,3591.4166666666665
302,19488,2017,8894,Tyler, TX,KL4CJASB7HB020058,Buick,EncoreFWD,SUV,Compact,28015.0,25.0,138.0,31.7,155.0,8527.0,1.0,28.35,8527.0
303,17998,2015,13077,Newport News, VA,KL4CJASB5FB141605,Buick,EncoreFWD,SUV,Compact,27651.25,24.0,138.0,31.5,155.0,9653.25,3.0,27.75,3217.75
304,15750,2015,26925,Louisville, KY,KL4CJASB7FB245609,Buick,EncoreFWD,SUV,Compact,27651.25,24.0,138.0,31.5,155.0,11901.25,3.0,27.75,3967.0833333333335
305,16250,2015,20913,Louisville, KY,KL4CJASBXFB196020,Buick,EncoreFWD,SUV,Compact,27651.25,24.0,138.0,31.5,155.0,11401.25,3.0,27.75,3800.4166666666665
306,17723,2015,16428,Newport News, VA,KL4CJASB0FB166783,Buick,EncoreFWD,SUV,Compact,27651.25,24.0,138.0,31.5,155.0,9928.25,3.0,27.75,3309.4166666666665
308,17990,2015,6848,Houston, TX,KL4CJASB5FB248329,Buick,EncoreFWD,SUV,Compact,27651.25,24.0,138.0,31.5,155.0,9661.25,3.0,27.75,3220.4166666666665
309,19250,2015,8103,Junction City, KS,KL4CJCSB1FB178677,Buick,EncoreLeather,SUV,Compact,27651.25,24.0,138.0,31.5,155.0,8401.25,3.0,27.75,2800.4166666666665
312,15491,2015,36951,Union City, GA,KL4CJASB2FB223064,Buick,EncoreFWD,SUV,Compact,27651.25,24.0,138.0,31.5,155.0,12160.25,3.0,27.75,4053.4166666666665
313,16987,2015,22114,Dry Ridge, KY,KL4CJESB0FB164264,Buick,EncoreAWD,SUV,Compact,27651.25,24.0,138.0,31.5,155.0,10664.25,3.0,27.75,3554.75
315,17995,2015,14819,Egg Harbor, NJ,KL4CJASB5FB205027,Buick,EncoreFWD,SUV,Compact,27651.25,24.0,138.0,31.5,155.0,9656.25,3.0,27.75,3218.75
317,16750,2015,15346,Louisville, KY,KL4CJASB7FB271935,Buick,EncoreFWD,SUV,Compact,27651.25,24.0,138.0,31.5,155.0,10901.25,3.0,27.75,3633.75
318,19220,2016,4110,Edinburg, TX,KL4CJASB2GB724831,Buick,EncoreFWD,SUV,Compact,27921.0,24.6,141.0,31.8,155.0,8701.0,2.0,28.200000000000003,4350.5
321,16000,2015,42603,Chantilly, VA,KL4CJCSB7FB033840,Buick,EncoreLeather,SUV,Compact,27651.25,24.0,138.0,31.5,155.0,11651.25,3.0,27.75,3883.75
324,15730,2015,27787,Buford, GA,KL4CJASB6FB262899,Buick,EncoreFWD,SUV,Compact,27651.25,24.0,138.0,31.5,155.0,11921.25,3.0,27.75,3973.75
329,17091,2015,21325,Purcell, OK,KL4CJBSB4FB209396,Buick,EncoreConvenience,SUV,Compact,27651.25,24.0,138.0,31.5,155.0,10560.25,3.0,27.75,3520.0833333333335
330,18980,2015,17340,Fort Collins, CO,KL4CJESB4FB266067,Buick,EncoreAWD,SUV,Compact,27651.25,24.0,138.0,31.5,155.0,8671.25,3.0,27.75,2890.4166666666665
331,17500,2015,16540,Bridgeton, NJ,KL4CJASB8FB184044,Buick,EncoreFWD,SUV,Compact,27651.25,24.0,138.0,31.5,155.0,10151.25,3.0,27.75,3383.75
332,16855,2016,34926,Tallahassee, FL,KL4CJASB6GB693745,Buick,EncoreFWD,SUV,Compact,27921.0,24.6,141.0,31.8,155.0,11066.0,2.0,28.200000000000003,5533.0
334,16541,2015,30564,Antioch, IL,KL4CJFSB1FB218841,Buick,EncoreConvenience,SUV,Compact,27651.25,24.0,138.0,31.5,155.0,11110.25,3.0,27.75,3703.4166666666665
336,16994,2016,21665,San Antonio, TX,KL4CJASB9GB564480,Buick,EncoreFWD,SUV,Compact,27921.0,24.6,141.0,31.8,155.0,10927.0,2.0,28.200000000000003,5463.5
337,17697,2016,13211,Tallahassee, FL,KL4CJASB2GB537587,Buick,EncoreFWD,SUV,Compact,27921.0,24.6,141.0,31.8,155.0,10224.0,2.0,28.200000000000003,5112.0
338,15950,2015,37483,Clanton, AL,KL4CJBSB0FB187025,Buick,EncoreConvenience,SUV,Compact,27651.25,24.0,138.0,31.5,155.0,11701.25,3.0,27.75,3900.4166666666665
339,18274,2016,18290,Memphis, TN,KL4CJASB0GB711642,Buick,EncoreFWD,SUV,Compact,27921.0,24.6,141.0,31.8,155.0,9647.0,2.0,28.200000000000003,4823.5
340,17488,2015,16998,Zelienople, PA,KL4CJESB7FB132797,Buick,EncoreAWD,SUV,Compact,27651.25,24.0,138.0,31.5,155.0,10163.25,3.0,27.75,3387.75
341,18395,2015,6090,BLUFFTON, SC,KL4CJBSB1FB151604,Buick,EncoreConvenience,SUV,Compact,27651.25,24.0,138.0,31.5,155.0,9256.25,3.0,27.75,3085.4166666666665
342,17777,2015,17637,Richmond, VA,KL4CJBSB0FB139704,Buick,EncoreConvenience,SUV,Compact,27651.25,24.0,138.0,31.5,155.0,9874.25,3.0,27.75,3291.4166666666665
344,17000,2015,13096,Louisville, KY,KL4CJASB2FB188610,Buick,EncoreFWD,SUV,Compact,27651.25,24.0,138.0,31.5,155.0,10651.25,3.0,27.75,3550.4166666666665
346,16996,2016,21747,West Seneca, NY,KL4CJASB8GB578967,Buick,EncoreFWD,SUV,Compact,27921.0,24.6,141.0,31.8,155.0,10925.0,2.0,28.200000000000003,5462.5
347,15940,2015,25871,Newnan, GA,KL4CJBSB3FB190890,Buick,EncoreConvenience,SUV,Compact,27651.25,24.0,138.0,31.5,155.0,11711.25,3.0,27.75,3903.75
351,16440,2015,44219,Mequon, WI,KL4CJBSB0FB117606,Buick,EncoreConvenience,SUV,Compact,27651.25,24.0,138.0,31.5,155.0,11211.25,3.0,27.75,3737.0833333333335
352,18498,2016,19302,Dallas, GA,KL4CJBSBXGB557365,Buick,EncoreConvenience,SUV,Compact,27921.0,24.6,141.0,31.8,155.0,9423.0,2.0,28.200000000000003,4711.5
353,17820,2016,11991,Moreno Valley, CA,KL4CJASB9GB669813,Buick,EncoreFWD,SUV,Compact,27921.0,24.6,141.0,31.8,155.0,10101.0,2.0,28.200000000000003,5050.5
354,16897,2015,14536,Chattanooga, TN,KL4CJASB6FB206798,Buick,EncoreFWD,SUV,Compact,27651.25,24.0,138.0,31.5,155.0,10754.25,3.0,27.75,3584.75
355,18990,2016,17864,Jacksonville, FL,KL4CJ1SM1GB612877,Buick,EncoreSport,SUV,Compact,27921.0,24.6,141.0,31.8,155.0,8931.0,2.0,28.200000000000003,4465.5
356,18598,2016,14362,Tallahassee, FL,KL4CJASB9GB660920,Buick,EncoreFWD,SUV,Compact,27921.0,24.6,141.0,31.8,155.0,9323.0,2.0,28.200000000000003,4661.5
357,17888,2015,27578,Fairfax, VA,KL4CJESB0FB216654,Buick,EncoreAWD,SUV,Compact,27651.25,24.0,138.0,31.5,155.0,9763.25,3.0,27.75,3254.4166666666665
359,17497,2015,7440,Allentown, PA,KL4CJASB4FB227925,Buick,EncoreFWD,SUV,Compact,27651.25,24.0,138.0,31.5,155.0,10154.25,3.0,27.75,3384.75
361,17999,2016,19951,Hendersonville, NC,KL4CJASBXGB692985,Buick,EncoreFWD,SUV,Compact,27921.0,24.6,141.0,31.8,155.0,9922.0,2.0,28.200000000000003,4961.0
362,17793,2015,19987,Whitesboro, TX,KL4CJCSB6FB211849,Buick,EncoreLeather,SUV,Compact,27651.25,24.0,138.0,31.5,155.0,9858.25,3.0,27.75,3286.0833333333335
363,16897,2015,14865,Tulsa, OK,KL4CJASB9FB227290,Buick,EncoreFWD,SUV,Compact,27651.25,24.0,138.0,31.5,155.0,10754.25,3.0,27.75,3584.75
364,15230,2015,31101,Philadelphia, PA,KL4CJBSB5FB178191,Buick,EncoreConvenience,SUV,Compact,27651.25,24.0,138.0,31.5,155.0,12421.25,3.0,27.75,4140.416666666667
366,17880,2015,12999,Brooksville, FL,KL4CJASB4FB032181,Buick,EncoreFWD,SUV,Compact,27651.25,24.0,138.0,31.5,155.0,9771.25,3.0,27.75,3257.0833333333335
367,16798,2015,22012,Avondale, AZ,KL4CJASB7FB268937,Buick,EncoreFWD,SUV,Compact,27651.25,24.0,138.0,31.5,155.0,10853.25,3.0,27.75,3617.75
368,18000,2016,10389,Louisville, KY,KL4CJASB4GB576133,Buick,EncoreFWD,SUV,Compact,27921.0,24.6,141.0,31.8,155.0,9921.0,2.0,28.200000000000003,4960.5
369,17197,2015,11528,Tampa, FL,KL4CJASB3FB216530,Buick,EncoreFWD,SUV,Compact,27651.25,24.0,138.0,31.5,155.0,10454.25,3.0,27.75,3484.75
371,19852,2017,8021,Henderson, NV,KL4CJASB6HB047008,Buick,EncoreFWD,SUV,Compact,28015.0,25.0,138.0,31.7,155.0,8163.0,1.0,28.35,8163.0
373,15690,2015,40813,Belleville, IL,KL4CJASB6FB207207,Buick,EncoreFWD,SUV,Compact,27651.25,24.0,138.0,31.5,155.0,11961.25,3.0,27.75,3987.0833333333335
374,16977,2015,19537,Dunn, NC,KL4CJASB2FB271213,Buick,EncoreFWD,SUV,Compact,27651.25,24.0,138.0,31.5,155.0,10674.25,3.0,27.75,3558.0833333333335
375,18973,2016,7840,Mechanicsburg, PA,KL4CJASB2GB672486,Buick,EncoreFWD,SUV,Compact,27921.0,24.6,141.0,31.8,155.0,8948.0,2.0,28.200000000000003,4474.0
376,17197,2015,11736,Miami, FL,KL4CJASB4FB251173,Buick,EncoreFWD,SUV,Compact,27651.25,24.0,138.0,31.5,155.0,10454.25,3.0,27.75,3484.75
378,18900,2016,9669,Batesburg-Leesville, SC,KL4CJASB7GB550173,Buick,EncoreFWD,SUV,Compact,27921.0,24.6,141.0,31.8,155.0,9021.0,2.0,28.200000000000003,4510.5
379,16497,2015,20196,Savannah, GA,KL4CJASB7FB188411,Buick,EncoreFWD,SUV,Compact,27651.25,24.0,138.0,31.5,155.0,11154.25,3.0,27.75,3718.0833333333335
380,17999,2015,10588,Conyers, GA,KL4CJASB4FB267471,Buick,EncoreFWD,SUV,Compact,27651.25,24.0,138.0,31.5,155.0,9652.25,3.0,27.75,3217.4166666666665
381,16700,2015,28577,Fairborn, OH,KL4CJBSB9FB046776,Buick,EncoreConvenience,SUV,Compact,27651.25,24.0,138.0,31.5,155.0,10951.25,3.0,27.75,3650.4166666666665
382,17900,2016,10889,New Orleans, LA,KL4CJASB4GB530186,Buick,EncoreFWD,SUV,Compact,27921.0,24.6,141.0,31.8,155.0,10021.0,2.0,28.200000000000003,5010.5
385,16500,2015,20239,Louisville, KY,KL4CJASB0FB265717,Buick,EncoreFWD,SUV,Compact,27651.25,24.0,138.0,31.5,155.0,11151.25,3.0,27.75,3717.0833333333335
386,16801,2016,35063,State College, PA,KL4CJESB7GB582726,Buick,EncoreAWD,SUV,Compact,27921.0,24.6,141.0,31.8,155.0,11120.0,2.0,28.200000000000003,5560.0
387,16500,2015,20279,Louisville, KY,KL4CJASB5FB266295,Buick,EncoreFWD,SUV,Compact,27651.25,24.0,138.0,31.5,155.0,11151.25,3.0,27.75,3717.0833333333335
388,18780,2016,16479,Mcgregor, TX,KL4CJASB1GB545003,Buick,EncoreFWD,SUV,Compact,27921.0,24.6,141.0,31.8,155.0,9141.0,2.0,28.200000000000003,4570.5
389,17984,2016,23537,Syracuse, NY,KL4CJESB6GB539236,Buick,EncoreAWD,SUV,Compact,27921.0,24.6,141.0,31.8,155.0,9937.0,2.0,28.200000000000003,4968.5
390,16992,2015,15108,West Bend, WI,KL4CJASB2FB128276,Buick,EncoreFWD,SUV,Compact,27651.25,24.0,138.0,31.5,155.0,10659.25,3.0,27.75,3553.0833333333335
391,18991,2016,13412,St. Louis, MO,KL4CJASB7GB610579,Buick,EncoreFWD,SUV,Compact,27921.0,24.6,141.0,31.8,155.0,8930.0,2.0,28.200000000000003,4465.0
395,17986,2015,20881,Clearwater, FL,KL4CJCSB9FB141585,Buick,EncoreLeather,SUV,Compact,27651.25,24.0,138.0,31.5,155.0,9665.25,3.0,27.75,3221.75
396,17940,2016,16368,Homosassa, FL,KL4CJASB7GB616463,Buick,EncoreFWD,SUV,Compact,27921.0,24.6,141.0,31.8,155.0,9981.0,2.0,28.200000000000003,4990.5
398,16820,2015,26418,Elmhurst, IL,KL4CJASB9FB044858,Buick,EncoreFWD,SUV,Compact,27651.25,24.0,138.0,31.5,155.0,10831.25,3.0,27.75,3610.4166666666665
400,14995,2015,45350,Collinsville, IL,KL4CJBSB0FB173982,Buick,EncoreConvenience,SUV,Compact,27651.25,24.0,138.0,31.5,155.0,12656.25,3.0,27.75,4218.75
401,16495,2015,20591,Bountiful, UT,KL4CJASB8FB062994,Buick,EncoreFWD,SUV,Compact,27651.25,24.0,138.0,31.5,155.0,11156.25,3.0,27.75,3718.75
402,18214,2016,15389,Houston, TX,KL4CJASB8GB568116,Buick,EncoreFWD,SUV,Compact,27921.0,24.6,141.0,31.8,155.0,9707.0,2.0,28.200000000000003,4853.5
404,17250,2016,20199,Grand Rapids, MI,KL4CJASB0GB560673,Buick,EncoreFWD,SUV,Compact,27921.0,24.6,141.0,31.8,155.0,10671.0,2.0,28.200000000000003,5335.5
405,17897,2015,3854,Greensboro, NC,KL4CJASB3FB150061,Buick,EncoreFWD,SUV,Compact,27651.25,24.0,138.0,31.5,155.0,9754.25,3.0,27.75,3251.4166666666665
406,20996,2016,4603,San Antonio, TX,KL4CJ1SMXGB600548,Buick,EncoreSport,SUV,Compact,27921.0,24.6,141.0,31.8,155.0,6925.0,2.0,28.200000000000003,3462.5
407,18000,2015,14952,Birmingham, AL,KL4CJASB1FB208071,Buick,EncoreFWD,SUV,Compact,27651.25,24.0,138.0,31.5,155.0,9651.25,3.0,27.75,3217.0833333333335
409,18000,2016,11314,Louisville, KY,KL4CJASB0GB578011,Buick,EncoreFWD,SUV,Compact,27921.0,24.6,141.0,31.8,155.0,9921.0,2.0,28.200000000000003,4960.5
410,15422,2015,41729,Spring, TX,KL4CJASB1FB153881,Buick,EncoreFWD,SUV,Compact,27651.25,24.0,138.0,31.5,155.0,12229.25,3.0,27.75,4076.4166666666665
411,18495,2015,11861,Abilene, KS,KL4CJESB2FB260994,Buick,EncoreAWD,SUV,Compact,27651.25,24.0,138.0,31.5,155.0,9156.25,3.0,27.75,3052.0833333333335
412,17995,2015,12631,Las Cruces, NM,KL4CJASB5FB185054,Buick,EncoreFWD,SUV,Compact,27651.25,24.0,138.0,31.5,155.0,9656.25,3.0,27.75,3218.75
413,15995,2015,26906,Mchenry, IL,KL4CJASB8FB192953,Buick,EncoreFWD,SUV,Compact,27651.25,24.0,138.0,31.5,155.0,11656.25,3.0,27.75,3885.4166666666665
415,12500,2015,69145,Van Nuys, CA,KL4CJASB8FB240788,Buick,EncoreFWD,SUV,Compact,27651.25,24.0,138.0,31.5,155.0,15151.25,3.0,27.75,5050.416666666667
416,16797,2015,17426,Fresno, CA,KL4CJASB3FB245140,Buick,EncoreFWD,SUV,Compact,27651.25,24.0,138.0,31.5,155.0,10854.25,3.0,27.75,3618.0833333333335
417,17715,2015,22543,Warminster, PA,KL4CJASB5FB242336,Buick,EncoreFWD,SUV,Compact,27651.25,24.0,138.0,31.5,155.0,9936.25,3.0,27.75,3312.0833333333335
418,16960,2015,23714,Rosenberg, TX,KL4CJASB3FB264738,Buick,EncoreFWD,SUV,Compact,27651.25,24.0,138.0,31.5,155.0,10691.25,3.0,27.75,3563.75
419,15994,2015,27145,Seffner, FL,KL4CJCSB2FB244380,Buick,EncoreLeather,SUV,Compact,27651.25,24.0,138.0,31.5,155.0,11657.25,3.0,27.75,3885.75
421,16995,2015,32362,Peoria, AZ,KL4CJBSB9FB242216,Buick,EncoreConvenience,SUV,Compact,27651.25,24.0,138.0,31.5,155.0,10656.25,3.0,27.75,3552.0833333333335
422,16250,2015,24202,Louisville, KY,KL4CJASB9FB236460,Buick,EncoreFWD,SUV,Compact,27651.25,24.0,138.0,31.5,155.0,11401.25,3.0,27.75,3800.4166666666665
423,18974,2016,8263,Lima, OH,KL4CJESB0GB715469,Buick,EncoreAWD,SUV,Compact,27921.0,24.6,141.0,31.8,155.0,8947.0,2.0,28.200000000000003,4473.5
424,17297,2015,11625,Montgomery, AL,KL4CJASB1FB237067,Buick,EncoreFWD,SUV,Compact,27651.25,24.0,138.0,31.5,155.0,10354.25,3.0,27.75,3451.4166666666665
425,17995,2015,13961,Chelsea, MI,KL4CJFSB0FB237266,Buick,EncoreConvenience,SUV,Compact,27651.25,24.0,138.0,31.5,155.0,9656.25,3.0,27.75,3218.75
426,17999,2015,8492,Royal Oak, MI,KL4CJBSB2FB200986,Buick,EncoreConvenience,SUV,Compact,27651.25,24.0,138.0,31.5,155.0,9652.25,3.0,27.75,3217.4166666666665
429,17857,2016,21838,Buckeye, AZ,KL4CJASB5GB527457,Buick,EncoreFWD,SUV,Compact,27921.0,24.6,141.0,31.8,155.0,10064.0,2.0,28.200000000000003,5032.0
431,17034,2015,24741,Fort Smith, AR,KL4CJASB4FB235958,Buick,EncoreFWD,SUV,Compact,27651.25,24.0,138.0,31.5,155.0,10617.25,3.0,27.75,3539.0833333333335
432,17488,2015,19274,Houston, TX,KL4CJBSB9FB240515,Buick,EncoreConvenience,SUV,Compact,27651.25,24.0,138.0,31.5,155.0,10163.25,3.0,27.75,3387.75
433,16291,2015,29528,GILBERT, AZ,KL4CJASB5FB107356,Buick,EncoreFWD,SUV,Compact,27651.25,24.0,138.0,31.5,155.0,11360.25,3.0,27.75,3786.75
434,16999,2015,15390,Dallas, TX,KL4CJBSB5FB260874,Buick,EncoreConvenience,SUV,Compact,27651.25,24.0,138.0,31.5,155.0,10652.25,3.0,27.75,3550.75
435,16291,2015,29572,GILBERT, AZ,KL4CJASB7FB076725,Buick,EncoreFWD,SUV,Compact,27651.25,24.0,138.0,31.5,155.0,11360.25,3.0,27.75,3786.75
436,17900,2015,19282,Omaha, NE,KL4CJBSB6FB182881,Buick,EncoreConvenience,SUV,Compact,27651.25,24.0,138.0,31.5,155.0,9751.25,3.0,27.75,3250.4166666666665
437,17038,2015,29478,Shrewsbury, NJ,KL4CJFSB5FB174035,Buick,EncoreConvenience,SUV,Compact,27651.25,24.0,138.0,31.5,155.0,10613.25,3.0,27.75,3537.75
438,17544,2015,18691,Zanesville, OH,KL4CJASB8FB252312,Buick,EncoreFWD,SUV,Compact,27651.25,24.0,138.0,31.5,155.0,10107.25,3.0,27.75,3369.0833333333335
439,20499,2017,4120,Jacksonville, NC,KL4CJASB3HB030361,Buick,EncoreFWD,SUV,Compact,28015.0,25.0,138.0,31.7,155.0,7516.0,1.0,28.35,7516.0
444,17998,2015,19883,Littleton, CO,KL4CJESB6FB234320,Buick,EncoreAWD,SUV,Compact,27651.25,24.0,138.0,31.5,155.0,9653.25,3.0,27.75,3217.75
446,17500,2015,19474,Stockton, CA,KL4CJASB8FB243755,Buick,EncoreFWD,SUV,Compact,27651.25,24.0,138.0,31.5,155.0,10151.25,3.0,27.75,3383.75
447,16500,2015,21732,Louisville, KY,KL4CJASBXFB237732,Buick,EncoreFWD,SUV,Compact,27651.25,24.0,138.0,31.5,155.0,11151.25,3.0,27.75,3717.0833333333335
449,18000,2015,21630,Harrisonville, MO,KL4CJCSBXFB218691,Buick,EncoreLeather,SUV,Compact,27651.25,24.0,138.0,31.5,155.0,9651.25,3.0,27.75,3217.0833333333335
451,18885,2015,4119,Sarasota, FL,KL4CJFSB1FB267344,Buick,EncoreConvenience,SUV,Compact,27651.25,24.0,138.0,31.5,155.0,8766.25,3.0,27.75,2922.0833333333335
452,16500,2015,21898,Louisville, KY,KL4CJASB4FB265252,Buick,EncoreFWD,SUV,Compact,27651.25,24.0,138.0,31.5,155.0,11151.25,3.0,27.75,3717.0833333333335
453,17569,2016,21336,Fishers, IN,KL4CJASB3GB545276,Buick,EncoreFWD,SUV,Compact,27921.0,24.6,141.0,31.8,155.0,10352.0,2.0,28.200000000000003,5176.0
454,16987,2015,25936,Columbus, OH,KL4CJBSB1FB162571,Buick,EncoreConvenience,SUV,Compact,27651.25,24.0,138.0,31.5,155.0,10664.25,3.0,27.75,3554.75
456,18941,2016,13480,Salisbury, MD,KL4CJASB2GB531806,Buick,EncoreFWD,SUV,Compact,27921.0,24.6,141.0,31.8,155.0,8980.0,2.0,28.200000000000003,4490.0
457,18995,2016,10469,Oakdale, CA,KL4CJASB8GB662982,Buick,EncoreFWD,SUV,Compact,27921.0,24.6,141.0,31.8,155.0,8926.0,2.0,28.200000000000003,4463.0
458,18499,2016,16491,FLAGSTAFF, AZ,KL4CJASB0GB667853,Buick,EncoreFWD,SUV,Compact,27921.0,24.6,141.0,31.8,155.0,9422.0,2.0,28.200000000000003,4711.0
459,18000,2016,12711,Louisville, KY,KL4CJASB0GB569387,Buick,EncoreFWD,SUV,Compact,27921.0,24.6,141.0,31.8,155.0,9921.0,2.0,28.200000000000003,4960.5
462,20580,2017,14928,Killeen, TX,KL4CJCSB7HB007385,Buick,EncoreFWD,SUV,Compact,28015.0,25.0,138.0,31.7,155.0,7435.0,1.0,28.35,7435.0
463,16750,2015,19260,Louisville, KY,KL4CJASB2FB238051,Buick,EncoreFWD,SUV,Compact,27651.25,24.0,138.0,31.5,155.0,10901.25,3.0,27.75,3633.75
465,17795,2016,25578,Broken Arrow, OK,KL4CJ1SM0GB745632,Buick,EncoreSport,SUV,Compact,27921.0,24.6,141.0,31.8,155.0,10126.0,2.0,28.200000000000003,5063.0
466,16197,2015,25995,Columbus, GA,KL4CJASB7FB238448,Buick,EncoreFWD,SUV,Compact,27651.25,24.0,138.0,31.5,155.0,11454.25,3.0,27.75,3818.0833333333335
467,16900,2015,20066,New Hudson, MI,KL4CJESB6FB239663,Buick,EncoreAWD,SUV,Compact,27651.25,24.0,138.0,31.5,155.0,10751.25,3.0,27.75,3583.75
469,18250,2016,9955,Louisville, KY,KL4CJASB1GB526242,Buick,EncoreFWD,SUV,Compact,27921.0,24.6,141.0,31.8,155.0,9671.0,2.0,28.200000000000003,4835.5
470,16597,2015,21264,Fresno, CA,KL4CJASB4FB267616,Buick,EncoreFWD,SUV,Compact,27651.25,24.0,138.0,31.5,155.0,11054.25,3.0,27.75,3684.75
472,18498,2015,11389,St. Petersburg, FL,KL4CJCSB9FB196621,Buick,EncoreLeather,SUV,Compact,27651.25,24.0,138.0,31.5,155.0,9153.25,3.0,27.75,3051.0833333333335
474,18990,2016,17915,Green Bay, WI,KL4CJESB0GB643303,Buick,EncoreAWD,SUV,Compact,27921.0,24.6,141.0,31.8,155.0,8931.0,2.0,28.200000000000003,4465.5
475,18479,2015,14769,Merriam, KS,KL4CJDSB2FB185966,Buick,EncorePremium,SUV,Compact,27651.25,24.0,138.0,31.5,155.0,9172.25,3.0,27.75,3057.4166666666665
477,16397,2015,23872,Charleston, SC,KL4CJASB1FB171099,Buick,EncoreFWD,SUV,Compact,27651.25,24.0,138.0,31.5,155.0,11254.25,3.0,27.75,3751.4166666666665
478,18995,2015,2415,Merrillville, IN,KL4CJBSBXFB178784,Buick,EncoreConvenience,SUV,Compact,27651.25,24.0,138.0,31.5,155.0,8656.25,3.0,27.75,2885.4166666666665
480,15250,2015,37702,Louisville, KY,KL4CJASB9FB229914,Buick,EncoreFWD,SUV,Compact,27651.25,24.0,138.0,31.5,155.0,12401.25,3.0,27.75,4133.75
481,18962,2016,22383,Pontiac, IL,KL4CJBSB6GB516439,Buick,EncoreConvenience,SUV,Compact,27921.0,24.6,141.0,31.8,155.0,8959.0,2.0,28.200000000000003,4479.5
482,17749,2015,11069,Burlington, NJ,KL4CJESB2FB180921,Buick,EncoreAWD,SUV,Compact,27651.25,24.0,138.0,31.5,155.0,9902.25,3.0,27.75,3300.75
484,16894,2015,30582,Tempe, AZ,KL4CJASB1FB112943,Buick,EncoreFWD,SUV,Compact,27651.25,24.0,138.0,31.5,155.0,10757.25,3.0,27.75,3585.75
485,17988,2015,15535,Laguna Niguel, CA,KL4CJBSB5FB231519,Buick,EncoreConvenience,SUV,Compact,27651.25,24.0,138.0,31.5,155.0,9663.25,3.0,27.75,3221.0833333333335
486,17197,2015,14353,Mesa, AZ,KL4CJASB6FB242507,Buick,EncoreFWD,SUV,Compact,27651.25,24.0,138.0,31.5,155.0,10454.25,3.0,27.75,3484.75
488,17588,2015,24291,Strongsville, OH,KL4CJCSB6FB055909,Buick,EncoreLeather,SUV,Compact,27651.25,24.0,138.0,31.5,155.0,10063.25,3.0,27.75,3354.4166666666665
493,17997,2015,24393,New Smyrna Beach, FL,KL4CJASB6FB230129,Buick,EncoreFWD,SUV,Compact,27651.25,24.0,138.0,31.5,155.0,9654.25,3.0,27.75,3218.0833333333335
495,16250,2015,26057,Louisville, KY,KL4CJASB0FB175452,Buick,EncoreFWD,SUV,Compact,27651.25,24.0,138.0,31.5,155.0,11401.25,3.0,27.75,3800.4166666666665
496,16495,2015,30356,Vacaville, CA,KL4CJASB5FB053332,Buick,EncoreFWD,SUV,Compact,27651.25,24.0,138.0,31.5,155.0,11156.25,3.0,27.75,3718.75
497,18999,2016,10060,Conyers, GA,KL4CJBSB7GB595250,Buick,EncoreConvenience,SUV,Compact,27921.0,24.6,141.0,31.8,155.0,8922.0,2.0,28.200000000000003,4461.0
498,16995,2015,27802,Chelsea, MI,KL4CJESB6FB239761,Buick,EncoreAWD,SUV,Compact,27651.25,24.0,138.0,31.5,155.0,10656.25,3.0,27.75,3552.0833333333335
499,14895,2015,46243,Wappingers Falls, NY,19VDE1F35FE006900,Acura,ILX5-Speed,Sedan,Compact,29375.0,23.5,162.75,34.0,204.0,14480.0,3.0,28.75,4826.666666666667
500,18832,2015,9132,Brooklyn, NY,19VDE1F35FE010834,Acura,ILX5-Speed,Sedan,Compact,29375.0,23.5,162.75,34.0,204.0,10543.0,3.0,28.75,3514.3333333333335
501,22000,2017,10,Chicago, IL,19UDE2F35HA011597,Acura,ILXAutomatic,Sedan,Compact,31203.333333333332,25.0,201.0,35.0,204.0,9203.333333333332,1.0,30.0,9203.333333333332
502,18990,2012,23099,Portland, OR,JH4CU2F66CC031084,Acura,TSXAutomatic,Wagon,Midsize,33213.75,21.125,220.75,29.75,204.0,14223.75,6.0,25.4375,2370.625
503,17890,2015,24007,Temple Hills, MD,19VDE1F39FE007287,Acura,ILX5-Speed,Sedan,Compact,29375.0,23.5,162.75,34.0,204.0,11485.0,3.0,28.75,3828.3333333333335
505,18490,2014,54500,Virginia Beach, VA,JH4CU2F41EC004070,Acura,TSX5-Speed,Wagon,Midsize,33505.0,21.428571428571427,212.28571428571428,30.0,204.0,15015.0,4.0,25.714285714285715,3753.75
506,16900,2012,58915,Albuquerque, NM,JH4CU2F49CC003374,Acura,TSXAutomatic,Wagon,Midsize,33213.75,21.125,220.75,29.75,204.0,16313.75,6.0,25.4375,2718.9583333333335
509,17599,2013,23713,Westport, CT,19UUA8F2XDA015967,Acura,TLBase,Sedan,Midsize,40748.75,18.875,292.5,27.375,204.0,23149.75,5.0,23.125,4629.95
510,19440,2016,51814,Newnan, GA,19UDE2F70GA011055,Acura,ILXAutomatic,Sedan,Compact,31113.333333333332,25.0,201.0,36.0,204.0,11673.333333333332,2.0,30.5,5836.666666666666
523,20890,2014,31967,Rockville, MD,JH4CU2E81EC000590,Acura,TSXSpecial,Wagon,Midsize,33505.0,21.428571428571427,212.28571428571428,30.0,204.0,12615.0,4.0,25.714285714285715,3153.75
533,17977,2015,26456,Akron, OH,19VDE1F30FE006593,Acura,ILX5-Speed,Sedan,Compact,29375.0,23.5,162.75,34.0,204.0,11398.0,3.0,28.75,3799.3333333333335
538,12977,2013,103535,Akron, OH,JH4CU2F41DC004584,Acura,TSX5-Speed,Wagon,Midsize,33380.0,21.428571428571427,212.28571428571428,30.0,204.0,20403.0,5.0,25.714285714285715,4080.6
594,23799,2015,22467,N. Miami Beach, FL,WAUAFAFL1FN001533,Audi,A42.0T,Convertible,Large,45163.88888888889,23.25,218.05555555555554,33.30555555555556,3105.0,21364.88888888889,3.0,28.27777777777778,7121.6296296296305
595,21500,2015,51855,Louisville, KY,WAUBFAFLXFN035989,Audi,A42.0T,Convertible,Large,45163.88888888889,23.25,218.05555555555554,33.30555555555556,3105.0,23663.88888888889,3.0,28.27777777777778,7887.9629629629635
596,25991,2015,13182,Jacksonville, FL,WAUAFAFL0FN013995,Audi,A42.0T,Convertible,Large,45163.88888888889,23.25,218.05555555555554,33.30555555555556,3105.0,19172.88888888889,3.0,28.27777777777778,6390.9629629629635
597,19999,2015,16549,Montebello, CA,WAUBFGFF2F1002876,Audi,A3Sedan,Sedan,Compact,35566.666666666664,26.0,180.0,36.333333333333336,3105.0,15567.666666666664,3.0,31.166666666666668,5189.222222222222
598,25499,2015,28728,Middletown, RI,WAUDFAFL3FN005113,Audi,A42.0T,Convertible,Large,45163.88888888889,23.25,218.05555555555554,33.30555555555556,3105.0,19664.88888888889,3.0,28.27777777777778,6554.9629629629635
599,21890,2015,19639,Lafayette, IN,WAUCCGFF8F1018061,Audi,A3Sedan,Sedan,Compact,35566.666666666664,26.0,180.0,36.333333333333336,3105.0,13676.666666666664,3.0,31.166666666666668,4558.888888888888
600,19450,2015,38710,Fredericksburg, VA,WAUACGFF5F1018591,Audi,A3Sedan,Sedan,Compact,35566.666666666664,26.0,180.0,36.333333333333336,3105.0,16116.666666666664,3.0,31.166666666666668,5372.222222222222
601,24995,2015,41439,Long Island City, NY,WAUBFAFL3FN027488,Audi,A42.0T,Convertible,Large,45163.88888888889,23.25,218.05555555555554,33.30555555555556,3105.0,20168.88888888889,3.0,28.27777777777778,6722.9629629629635
602,29900,2017,5278,Portland, OR,WAUGNAF48HN036868,Audi,A4Premium,Wagon,Midsize,42392.307692307695,24.692307692307693,237.69230769230768,32.15384615384615,3105.0,12492.307692307695,1.0,28.423076923076923,12492.307692307695
604,29759,2015,24417,Morton Grove, IL,WAUFFAFL9FN006887,Audi,A42.0T,Convertible,Large,45163.88888888889,23.25,218.05555555555554,33.30555555555556,3105.0,15404.88888888889,3.0,28.27777777777778,5134.9629629629635
605,23888,2015,13277,Bellevue, WA,WAUBFGFF4F1002894,Audi,A3Sedan,Sedan,Compact,35566.666666666664,26.0,180.0,36.333333333333336,3105.0,11678.666666666664,3.0,31.166666666666668,3892.8888888888882
607,24995,2015,22315,Greenville, NC,WAUBFGFF5F1082352,Audi,A3Sedan,Sedan,Compact,35566.666666666664,26.0,180.0,36.333333333333336,3105.0,10571.666666666664,3.0,31.166666666666668,3523.8888888888882
608,26555,2016,15213,Saint Cloud, MN,WAUB8GFF0G1011491,Audi,A3Sedan,Sedan,Compact,36529.166666666664,26.0,180.0,36.333333333333336,3105.0,9974.166666666664,2.0,31.166666666666668,4987.083333333332
611,35000,2017,5598,Burlingame, CA,WAUDNAF47HN040879,Audi,A4Season,Wagon,Midsize,42392.307692307695,24.692307692307693,237.69230769230768,32.15384615384615,3105.0,7392.307692307695,1.0,28.423076923076923,7392.307692307695
616,29995,2015,6848,Raleigh, NC,WAU5CLFF4F1122662,Audi,A3Cabriolet,Convertible,Compact,37646.666666666664,25.0,186.0,35.2,3105.0,7651.666666666664,3.0,30.1,2550.5555555555547
619,37771,2017,9448,Chicago, IL,WAUDNAF41HN057984,Audi,A4Season,Wagon,Midsize,42392.307692307695,24.692307692307693,237.69230769230768,32.15384615384615,3105.0,4621.307692307695,1.0,28.423076923076923,4621.307692307695
631,25500,2014,56642,Newark, CA,WA1CFAFP0EA083902,Audi,Q52.0T,SUV,Large,56500.0,17.5,268.8333333333333,25.0,3105.0,31000.0,4.0,21.25,7750.0
633,32998,2015,43767,Merriam, KS,WAUMFAFH8FN003059,Audi,A52.0T,Convertible,Large,45163.88888888889,23.25,218.05555555555554,33.30555555555556,3105.0,12165.88888888889,3.0,28.27777777777778,4055.296296296297
634,28995,2015,32304,Roseville, CA,WA1EFCFS3FR005156,Audi,Q3quattro,SUV,Compact,35500.0,20.0,200.0,28.5,3105.0,6505.0,3.0,24.25,2168.3333333333335
636,27991,2015,37221,Grapevine, TX,WA1EFCFS4FR000659,Audi,Q3quattro,SUV,Compact,35500.0,20.0,200.0,28.5,3105.0,7509.0,3.0,24.25,2503.0
637,31995,2017,3233,Long Island City, NY,WA1ECCFS5HR006322,Audi,Q3quattro,SUV,Compact,36216.666666666664,20.0,200.0,28.0,3105.0,4221.666666666664,1.0,24.0,4221.666666666664
638,36989,2015,42440,Morton Grove, IL,WAUHGAFC0FN009716,Audi,A63.0T,Convertible,Large,45163.88888888889,23.25,218.05555555555554,33.30555555555556,3105.0,8174.8888888888905,3.0,28.27777777777778,2724.9629629629635
639,30199,2014,37428,Clearwater, FL,WA1LFAFPXEA063429,Audi,Q52.0T,SUV,Large,56500.0,17.5,268.8333333333333,25.0,3105.0,26301.0,4.0,21.25,6575.25
641,32989,2015,18437,Victor, NY,WAUBFGFF6F1117397,Audi,S3Premium,Sedan,Compact,44050.0,23.0,292.0,31.0,3105.0,11061.0,3.0,27.0,3687.0
642,29480,2015,50022,Philadelphia, PA,WA1LFAFP5FA043722,Audi,Q52.0T,SUV,Compact,49094.73684210526,19.31578947368421,254.21052631578948,26.94736842105263,3105.0,19614.73684210526,3.0,23.131578947368418,6538.245614035087
643,26995,2014,45097,Stonington, CT,WA1TFAFL4EA052312,Audi,allroad2.0T,Wagon,Midsize,44400.0,20.0,220.0,27.0,3105.0,17405.0,4.0,23.5,4351.25
644,34000,2015,27940,Columbus, OH,WA1LFAFP1FA045497,Audi,Q52.0T,SUV,Compact,49094.73684210526,19.31578947368421,254.21052631578948,26.94736842105263,3105.0,15094.73684210526,3.0,23.131578947368418,5031.57894736842
645,33927,2016,8595,Cockeysville, MD,WA1EFCFS2GR011290,Audi,Q3quattro,SUV,Compact,37200.0,20.0,200.0,28.5,3105.0,3273.0,2.0,24.25,1636.5
647,32500,2015,41407,Salt Lake, UT,WA1LFAFP1FA104936,Audi,Q52.0T,SUV,Compact,49094.73684210526,19.31578947368421,254.21052631578948,26.94736842105263,3105.0,16594.73684210526,3.0,23.131578947368418,5531.57894736842
649,43380,2017,7047,Philadelphia, PA,WAUC8AFC4HN028523,Audi,A62.0T,Coupe,Large,47860.256410256414,23.487179487179485,247.4102564102564,40.12820512820513,3105.0,4480.256410256414,1.0,31.807692307692307,4480.256410256414
650,26500,2015,30876,Palo Alto, CA,WAUEFGFF8F1017069,Audi,A3Sedan,Sedan,Compact,35566.666666666664,26.0,180.0,36.333333333333336,3105.0,9066.666666666664,3.0,31.166666666666668,3022.2222222222213
651,30888,2014,59533,Norman, OK,WA1LGAFE8ED007662,Audi,Q73.0T,SUV,Large,56500.0,17.5,268.8333333333333,25.0,3105.0,25612.0,4.0,21.25,6403.0
652,39493,2017,16250,Roswell, GA,WA1L2AFP4HA030586,Audi,Q52.0,SUV,Large,46196.666666666664,19.133333333333333,259.4,26.466666666666665,3105.0,6703.666666666664,1.0,22.799999999999997,6703.666666666664
653,33875,2017,1000,Palo Alto, CA,WAUAUGFF7H1050684,Audi,A3,Convertible,Compact,39891.666666666664,25.5,203.0,34.5,3105.0,6016.666666666664,1.0,30.0,6016.666666666664
654,33762,2015,30105,Torrance, CA,WA1UFAFL9FA093377,Audi,allroad2.0T,Wagon,Midsize,45566.666666666664,21.0,220.0,28.0,3105.0,11804.666666666664,3.0,24.5,3934.8888888888882
655,32995,2014,54823,Manassas, VA,WA1LGAFEXED001989,Audi,Q73.0T,SUV,Large,56500.0,17.5,268.8333333333333,25.0,3105.0,23505.0,4.0,21.25,5876.25
656,34991,2014,45659,Westmont, IL,WA1LGAFE6ED018854,Audi,Q73.0T,SUV,Large,56500.0,17.5,268.8333333333333,25.0,3105.0,21509.0,4.0,21.25,5377.25
657,45881,2016,1735,Brentwood, TN,WAUM2AFH3GN011602,Audi,A52.0T,Coupe,Large,49680.208333333336,23.0625,232.97916666666666,33.208333333333336,3105.0,3799.2083333333358,2.0,28.135416666666668,1899.6041666666679
660,37500,2015,43806,Framingham, MA,WA1LGAFE7FD001482,Audi,Q73.0T,SUV,Compact,49094.73684210526,19.31578947368421,254.21052631578948,26.94736842105263,3105.0,11594.73684210526,3.0,23.131578947368418,3864.9122807017534
663,39995,2015,33260,Concord, CA,WA1LGAFE4FD003576,Audi,Q73.0T,SUV,Compact,49094.73684210526,19.31578947368421,254.21052631578948,26.94736842105263,3105.0,9099.73684210526,3.0,23.131578947368418,3033.2456140350864
665,45500,2016,21341,Atlanta, GA,WA1CVAFP2GA015977,Audi,Q5quattro,SUV,Midsize,51031.818181818184,20.90909090909091,263.3636363636364,28.181818181818183,3105.0,5531.818181818184,2.0,24.545454545454547,2765.909090909092
666,39991,2017,6414,Grapevine, TX,WA1C2AFP8HA042756,Audi,Q52.0,SUV,Large,46196.666666666664,19.133333333333333,259.4,26.466666666666665,3105.0,6205.666666666664,1.0,22.799999999999997,6205.666666666664
667,43950,2014,31622,Littleton, CO,WA1DGAFE5ED016100,Audi,Q73.0T,SUV,Large,56500.0,17.5,268.8333333333333,25.0,3105.0,12550.0,4.0,21.25,3137.5
668,41544,2017,7042,Upper Saddle River, NJ,WA1L2AFP1HA016970,Audi,Q52.0,SUV,Large,46196.666666666664,19.133333333333333,259.4,26.466666666666665,3105.0,4652.666666666664,1.0,22.799999999999997,4652.666666666664
670,59497,2017,5609,Morton Grove, IL,WAUH2AFC6HN079111,Audi,A63.0T,Coupe,Large,47860.256410256414,23.487179487179485,247.4102564102564,40.12820512820513,3105.0,-11636.743589743586,1.0,31.807692307692307,-11636.743589743586
674,39989,2014,42665,Colorado Springs, CO,WA1DGAFE8ED019623,Audi,Q73.0T,SUV,Large,56500.0,17.5,268.8333333333333,25.0,3105.0,16511.0,4.0,21.25,4127.75
675,62987,2017,1870,Sanford, FL,WA1VAAF70HD044477,Audi,Q73.0T,SUV,Large,46196.666666666664,19.133333333333333,259.4,26.466666666666665,3105.0,-16790.333333333336,1.0,22.799999999999997,-16790.333333333336
677,79900,2015,13018,Paterson, NJ,WUAW2BFC8FN900323,Audi,RS,Sedan,Large,85533.33333333333,16.0,486.6666666666667,24.0,3105.0,5633.3333333333285,3.0,20.0,1877.7777777777762
681,138991,2014,21710,Anaheim, CA,SCBFH7ZA6EC095017,Bentley,Continental,Coupe,Midsize,207275.0,13.375,552.25,22.125,520.0,68284.0,4.0,17.75,17071.0
692,19999,2016,37682,West Park, FL,WBA8E9G59GNT82436,BMW,3,Wagon,Compact,42878.94736842105,29.210526315789473,241.8421052631579,37.526315789473685,3916.0,22879.947368421053,2.0,33.368421052631575,11439.973684210527
700,20490,2015,37964,Plano, TX,WBA3B1G57FNT02294,BMW,3,Wagon,Compact,42218.181818181816,28.40909090909091,244.13636363636363,37.04545454545455,3916.0,21728.181818181816,3.0,32.72727272727273,7242.727272727272
703,21990,2016,32933,West Park, FL,WBA8E9G55GNT83177,BMW,3,Wagon,Compact,42878.94736842105,29.210526315789473,241.8421052631579,37.526315789473685,3916.0,20888.947368421053,2.0,33.368421052631575,10444.473684210527
704,22430,2016,28953,Buford, GA,WBA8E9G51GNT43808,BMW,3,Wagon,Compact,42878.94736842105,29.210526315789473,241.8421052631579,37.526315789473685,3916.0,20448.947368421053,2.0,33.368421052631575,10224.473684210527
709,24997,2015,17250,San Francisco, CA,WBA3B1C59FK141406,BMW,3,Wagon,Compact,42218.181818181816,28.40909090909091,244.13636363636363,37.04545454545455,3916.0,17221.181818181816,3.0,32.72727272727273,5740.393939393939
711,23000,2015,33205,Little Rock, AR,WBA3B1C57FP831402,BMW,3,Wagon,Compact,42218.181818181816,28.40909090909091,244.13636363636363,37.04545454545455,3916.0,19218.181818181816,3.0,32.72727272727273,6406.060606060605
712,24469,2015,25860,Irvine, CA,WBA3B1C58FK136925,BMW,3,Wagon,Compact,42218.181818181816,28.40909090909091,244.13636363636363,37.04545454545455,3916.0,17749.181818181816,3.0,32.72727272727273,5916.393939393939
714,19898,2015,19690,Bellevue, WA,WBY1Z2C50FV286486,BMW,i3Hatchback,Hatchback,Compact,54693.75,33.75,305.0,38.75,3916.0,34795.75,3.0,36.25,11598.583333333334
718,24788,2016,25562,Wilmington, DE,WBA8E3C58GK502960,BMW,3,Wagon,Compact,42878.94736842105,29.210526315789473,241.8421052631579,37.526315789473685,3916.0,18090.947368421053,2.0,33.368421052631575,9045.473684210527
721,7333,2002,112940,Manassas, VA,WBABS33482PG83014,BMW,3,Hatchback,Compact,35633.333333333336,18.666666666666668,211.33333333333334,25.666666666666668,3916.0,28300.333333333336,16.0,22.166666666666668,1768.7708333333335
726,29375,2017,9557,Escondido, CA,WBA8E1G57HNU12522,BMW,3,Wagon,Compact,43731.57894736842,34.89473684210526,240.89473684210526,40.8421052631579,3916.0,14356.57894736842,1.0,37.868421052631575,14356.57894736842
733,26844,2016,36620,Olympia, WA,WBA8E9C55GK644573,BMW,3,Wagon,Compact,42878.94736842105,29.210526315789473,241.8421052631579,37.526315789473685,3916.0,16034.947368421053,2.0,33.368421052631575,8017.473684210527
749,25094,2014,19896,Oklahoma City, OK,WBA5A5C52ED502934,BMW,5,Sedan,Large,77150.0,18.5,443.5,25.0,3916.0,52056.0,4.0,21.75,13014.0
752,30624,2015,11258,Ocala, FL,WBA3A5G57FNS89508,BMW,3,Wagon,Compact,42218.181818181816,28.40909090909091,244.13636363636363,37.04545454545455,3916.0,11594.181818181816,3.0,32.72727272727273,3864.727272727272
755,34000,2017,4613,Beaverton, OR,WBA8A9C59HK620418,BMW,3,Wagon,Compact,43731.57894736842,34.89473684210526,240.89473684210526,40.8421052631579,3916.0,9731.57894736842,1.0,37.868421052631575,9731.57894736842
756,24877,2014,21981,Hollywood, FL,WBA5A5C52ED503632,BMW,5,Sedan,Large,77150.0,18.5,443.5,25.0,3916.0,52273.0,4.0,21.75,13068.25
772,31499,2016,35564,Avon, IN,WBA8E3G51GNT80466,BMW,3,Wagon,Compact,42878.94736842105,29.210526315789473,241.8421052631579,37.526315789473685,3916.0,11379.947368421053,2.0,33.368421052631575,5689.973684210527
778,31950,2016,12585,Carrollton, TX,WBXHT3C30GP882339,BMW,X1xDrive,SUV,Compact,34800.0,22.0,228.0,32.0,3916.0,2850.0,2.0,27.0,1425.0
782,28795,2014,24202,Fremont, CA,WBA5A5C5XED510411,BMW,5,Sedan,Large,77150.0,18.5,443.5,25.0,3916.0,48355.0,4.0,21.75,12088.75
783,28961,2016,26723,Lewisville, TX,5UXWX9C51G0D71634,BMW,X3xDrive28i,SUV,Midsize,42287.5,22.0,240.0,29.25,3916.0,13326.5,2.0,25.625,6663.25
785,26695,2014,48324,Great Neck, NY,WBA5A7C52ED612006,BMW,5,Sedan,Large,77150.0,18.5,443.5,25.0,3916.0,50455.0,4.0,21.75,12613.75
787,28996,2014,30213,Mountain View, CA,WBA5A5C59ED507354,BMW,5,Sedan,Large,77150.0,18.5,443.5,25.0,3916.0,48154.0,4.0,21.75,12038.5
789,36857,2017,4030,Highlands Ranch, CO,WBXHT3C3XH5F83862,BMW,X1xDrive28i,SUV,Compact,34100.0,22.5,228.0,31.5,3916.0,-2757.0,1.0,27.0,-2757.0
791,29879,2014,29405,Rochelle Park, NJ,WBA5A7C55ED618527,BMW,5,Sedan,Large,77150.0,18.5,443.5,25.0,3916.0,47271.0,4.0,21.75,11817.75
793,27591,2014,53498,Hoover, AL,WBA5B3C55ED538943,BMW,5,Sedan,Large,77150.0,18.5,443.5,25.0,3916.0,49559.0,4.0,21.75,12389.75
794,24577,2014,30175,San Rafael, CA,WBA3N7C54EK221141,BMW,4,Convertible,Compact,57233.333333333336,19.333333333333332,291.6666666666667,28.0,3916.0,32656.333333333336,4.0,23.666666666666664,8164.083333333334
796,38799,2017,8583,Encinitas, CA,WBA8B9C5XHK676445,BMW,3,Wagon,Compact,43731.57894736842,34.89473684210526,240.89473684210526,40.8421052631579,3916.0,4932.57894736842,1.0,37.868421052631575,4932.57894736842
797,35994,2016,21451,Bensenville, IL,WBA8F1C51GK438407,BMW,3,Wagon,Compact,42878.94736842105,29.210526315789473,241.8421052631579,37.526315789473685,3916.0,6884.947368421053,2.0,33.368421052631575,3442.4736842105267
798,39525,2017,5776,Midlothian, VA,WBA8D9G54HNU58570,BMW,3,Wagon,Compact,43731.57894736842,34.89473684210526,240.89473684210526,40.8421052631579,3916.0,4206.57894736842,1.0,37.868421052631575,4206.57894736842
799,32180,2014,26735,Boardman, OH,WBA5A7C50ED617074,BMW,5,Sedan,Large,77150.0,18.5,443.5,25.0,3916.0,44970.0,4.0,21.75,11242.5
802,33476,2016,12655,Houston, TX,5UXWZ7C55G0R32039,BMW,X3sDrive28i,SUV,Midsize,42287.5,22.0,240.0,29.25,3916.0,8811.5,2.0,25.625,4405.75
804,33964,2015,36020,San Antonio, TX,WBA5B1C51FD921817,BMW,5,Hatchback,Midsize,64242.10526315789,19.263157894736842,354.42105263157896,27.94736842105263,3916.0,30278.105263157893,3.0,23.605263157894736,10092.701754385964
807,28490,2014,25341,Plano, TX,WBA5M2C57ED871830,BMW,5,Sedan,Large,77150.0,18.5,443.5,25.0,3916.0,48660.0,4.0,21.75,12165.0
808,33998,2015,38116,Decatur, GA,WBA5B1C50FD921582,BMW,5,Hatchback,Midsize,64242.10526315789,19.263157894736842,354.42105263157896,27.94736842105263,3916.0,30244.105263157893,3.0,23.605263157894736,10081.368421052632
810,29000,2015,28358,Palatine, IL,WBA4A7C57FD415796,BMW,4,SUV,Compact,49288.0,20.76,277.8,31.12,3916.0,20288.0,3.0,25.94,6762.666666666667
811,35995,2016,24378,Fountain Hills, AZ,WBA5A5C56GG352439,BMW,5,Hatchback,Midsize,64505.555555555555,19.333333333333332,349.27777777777777,27.77777777777778,3916.0,28510.555555555555,2.0,23.555555555555557,14255.277777777777
812,30995,2016,6825,Doral, FL,WBA3N9C5XGK248567,BMW,4,SUV,Compact,55743.40909090909,19.954545454545453,299.90909090909093,29.863636363636363,3916.0,24748.40909090909,2.0,24.909090909090907,12374.204545454544
813,35995,2016,29649,Springfield, VA,5UXWX9C55G0D89635,BMW,X3xDrive28i,SUV,Midsize,42287.5,22.0,240.0,29.25,3916.0,6292.5,2.0,25.625,3146.25
814,28500,2015,35340,MONTCLAIR, CA,WBA4A9C51FD416308,BMW,4,SUV,Compact,49288.0,20.76,277.8,31.12,3916.0,20788.0,3.0,25.94,6929.333333333333
815,26940,2013,64043,Newnan, GA,WBAYF4C59DD127910,BMW,7,Sedan,Large,84300.0,22.0,350.0,30.0,3916.0,57360.0,5.0,26.0,11472.0
816,27998,2015,57136,Jacksonville, FL,WBA3V5C53FP752971,BMW,4,SUV,Compact,49288.0,20.76,277.8,31.12,3916.0,21290.0,3.0,25.94,7096.666666666667
817,24991,2015,30176,Gainesville, FL,WBAVM1C57FV314762,BMW,X1sDrive28i,SUV,Midsize,34433.333333333336,21.0,260.0,31.0,3916.0,9442.333333333336,3.0,26.0,3147.4444444444453
818,35993,2015,30456,Henderson, NV,5UXXW3C55F0F89479,BMW,X4xDrive28i,SUV,Midsize,46350.0,19.5,270.0,27.5,3916.0,10357.0,3.0,23.5,3452.3333333333335
823,39567,2017,4234,Midlothian, VA,WBA8B9G57HNU48766,BMW,3,Wagon,Compact,43731.57894736842,34.89473684210526,240.89473684210526,40.8421052631579,3916.0,4164.57894736842,1.0,37.868421052631575,4164.57894736842
825,40885,2014,12535,Santa Monica, CA,WBAKN9C55ED681565,BMW,5,Sedan,Large,77150.0,18.5,443.5,25.0,3916.0,36265.0,4.0,21.75,9066.25
827,32988,2013,53557,Decatur, GA,WBAYF8C58DD140901,BMW,7,Sedan,Large,84300.0,22.0,350.0,30.0,3916.0,51312.0,5.0,26.0,10262.4
829,24999,2014,48102,Miami Gardens, FL,WBA5B1C58ED917178,BMW,5,Sedan,Large,77150.0,18.5,443.5,25.0,3916.0,52151.0,4.0,21.75,13037.75
832,35500,2014,35998,Hartford, CT,WBA3T1C59EPS98965,BMW,4,Convertible,Compact,57233.333333333336,19.333333333333332,291.6666666666667,28.0,3916.0,21733.333333333336,4.0,23.666666666666664,5433.333333333334
833,46867,2017,4306,Plano, TX,WBY1Z8C39HV890820,BMW,i394,Wagon,Compact,59152.83018867925,25.245283018867923,303.1509433962264,33.62264150943396,3916.0,12285.830188679247,1.0,29.433962264150942,12285.830188679247
836,47045,2017,4934,Fremont, CA,5UXWX7C56H0U41132,BMW,X3xDrive35i,SUV,Midsize,42800.0,22.0,240.0,29.0,3916.0,-4245.0,1.0,25.5,-4245.0
838,43276,2016,28650,Mount Kisco, NY,5UXKR0C5XG0P34658,BMW,X5xDrive35i,SUV,Midsize,67940.0,17.6,373.4,23.8,3916.0,24664.0,2.0,20.700000000000003,12332.0
841,34995,2015,4252,Darien, CT,WBY1Z4C56FV502563,BMW,i3Hatchback,Hatchback,Compact,54693.75,33.75,305.0,38.75,3916.0,19698.75,3.0,36.25,6566.25
844,49299,2017,13000,Spring Valley, NY,5UXKR0C50H0U52921,BMW,X5xDrive35i,SUV,Midsize,68740.0,17.6,373.4,23.8,3916.0,19441.0,1.0,20.700000000000003,19441.0
845,47444,2015,25147,Reading, PA,5UXKS4C50F0N09854,BMW,X5xDrive35d,SUV,Midsize,67320.0,18.0,373.4,25.2,3916.0,19876.0,3.0,21.6,6625.333333333333
846,52991,2016,13158,Charlotte, NC,5UXKT0C50G0F75105,BMW,X5,SUV,Midsize,67940.0,17.6,373.4,23.8,3916.0,14949.0,2.0,20.700000000000003,7474.5
847,56445,2017,99,Lancaster, PA,5UXWX7C34H0U44464,BMW,X3xDrive35i,SUV,Midsize,42800.0,22.0,240.0,29.0,3916.0,-13645.0,1.0,25.5,-13645.0
848,49995,2015,17292,Chicago, IL,WBAYE8C58FD781228,BMW,7,Sedan,Large,102185.71428571429,17.428571428571427,429.2857142857143,25.928571428571427,3916.0,52190.71428571429,3.0,21.678571428571427,17396.904761904763
849,59776,2017,4167,Eatontown, NJ,WBAJA7C31HG905086,BMW,5,Hatchback,Large,67537.5,17.5,364.0,24.5,3916.0,7761.5,1.0,21.0,7761.5
850,56990,2017,7890,Arlington, TX,5UXKR0C58H0U51824,BMW,X5xDrive35i,SUV,Midsize,68740.0,17.6,373.4,23.8,3916.0,11750.0,1.0,20.700000000000003,11750.0
851,55620,2017,6185,Mobile, AL,WBA4U9C33H5H64455,BMW,4,SUV,Midsize,52096.875,20.9375,303.3125,30.6875,3916.0,-3523.125,1.0,25.8125,-3523.125
852,59991,2017,15348,Charlotte, NC,5UXKR0C57H0V67516,BMW,X5xDrive35i,SUV,Midsize,68740.0,17.6,373.4,23.8,3916.0,8749.0,1.0,20.700000000000003,8749.0
854,13991,2015,31916,Costa Mesa, CA,KL4CJASB6FB135182,Buick,EncoreFWD,SUV,Compact,27651.25,24.0,138.0,31.5,155.0,13660.25,3.0,27.75,4553.416666666667
855,16800,2015,15855,Melbourne, FL,KL4CJASB6FB123761,Buick,EncoreFWD,SUV,Compact,27651.25,24.0,138.0,31.5,155.0,10851.25,3.0,27.75,3617.0833333333335
856,5995,2007,116419,Abington, MA,3G5DA03LX7S586169,Buick,RendezvousFWD,SUV,Midsize,26977.5,17.0,196.0,23.0,155.0,20982.5,11.0,20.0,1907.5
860,10988,2009,48890,Cincinnati, OH,1G4HD57M59U121024,Buick,Lucerne4dr,Sedan,Large,33948.75,16.75,235.125,25.5,155.0,22960.75,9.0,21.125,2551.1944444444443
871,10395,2009,82119,Columbus, OH,1G4HP57M39U130800,Buick,Lucerne4dr,Sedan,Large,33948.75,16.75,235.125,25.5,155.0,23553.75,9.0,21.125,2617.0833333333335
874,34848,2017,16500,Las Cruces, NM,5GAKRBKD6HJ172048,Buick,EnclaveLeather,SUV,Midsize,45169.0,15.0,288.0,22.0,155.0,10321.0,1.0,18.5,10321.0
875,37488,2017,32548,Savannah, MO,5GAKVCKD7HJ190348,Buick,EnclavePremium,SUV,Midsize,45169.0,15.0,288.0,22.0,155.0,7681.0,1.0,18.5,7681.0
876,40635,2017,4081,Miami, FL,LRBFXBSA3HD020169,Buick,EnvisionFWD,SUV,Midsize,39693.333333333336,21.0,215.33333333333334,27.666666666666668,155.0,-941.6666666666642,1.0,24.333333333333336,-941.6666666666642
881,9990,2012,121438,Tampa, FL,1G6DA5E57C0145852,Cadillac,CTS,Coupe,Midsize,45890.333333333336,17.733333333333334,321.06666666666666,26.066666666666666,1624.0,35900.333333333336,6.0,21.9,5983.38888888889
883,26290,2016,36723,Kennesaw, GA,3GYFNBE33GS531376,Cadillac,SRXLuxury,SUV,Midsize,46128.57142857143,16.571428571428573,308.0,23.571428571428573,1624.0,19838.571428571428,2.0,20.071428571428573,9919.285714285714
884,27998,2014,21176,Houston, TX,1G6DD1E33E0169731,Cadillac,CTS,Sedan,Midsize,49162.666666666664,17.2,359.2,25.0,1624.0,21164.666666666664,4.0,21.1,5291.166666666666
885,30499,2016,17463,McKinney, TX,3GYFNBE33GS506767,Cadillac,SRXLuxury,SUV,Midsize,46128.57142857143,16.571428571428573,308.0,23.571428571428573,1624.0,15629.571428571428,2.0,20.071428571428573,7814.785714285714
886,28989,2015,31572,Orem, UT,3GYFNEE38FS616679,Cadillac,SRXLuxury,SUV,Midsize,46128.57142857143,16.571428571428573,308.0,23.571428571428573,1624.0,17139.571428571428,3.0,20.071428571428573,5713.190476190476
887,23928,2014,46821,Albert Lea, MN,1G6AX5SX0E0131463,Cadillac,CTS,Sedan,Midsize,49162.666666666664,17.2,359.2,25.0,1624.0,25234.666666666664,4.0,21.1,6308.666666666666
888,28995,2015,16591,Pelham, AL,3GYFNBE31FS640076,Cadillac,SRXLuxury,SUV,Midsize,46128.57142857143,16.571428571428573,308.0,23.571428571428573,1624.0,17133.571428571428,3.0,20.071428571428573,5711.190476190476
890,29900,2014,20273,Englewood Cliffs, NJ,3GYFNEE39ES624675,Cadillac,SRXLuxury,SUV,Midsize,45454.28571428572,16.571428571428573,308.0,23.571428571428573,1624.0,15554.285714285717,4.0,20.071428571428573,3888.5714285714294
891,30995,2016,7175,Orlando, FL,1G6AR5SX4G0122407,Cadillac,CTS,Sedan,Large,59061.470588235294,19.470588235294116,331.4117647058824,28.41176470588235,1624.0,28066.470588235294,2.0,23.941176470588232,14033.235294117647
892,32594,2015,34796,Fredericktown, MO,3GYFNGE39FS574423,Cadillac,SRXPremium,SUV,Midsize,46128.57142857143,16.571428571428573,308.0,23.571428571428573,1624.0,13534.571428571428,3.0,20.071428571428573,4511.523809523809
894,38280,2017,6628,Van Wert, OH,1GYKNDRS9HZ192929,Cadillac,XT5Luxury,SUV,Midsize,50010.833333333336,18.5,310.0,26.5,1624.0,11730.833333333336,1.0,22.5,11730.833333333336
895,15000,2012,61839,Alexandria, VA,1G6DC5E58C0113860,Cadillac,CTS,Coupe,Midsize,45890.333333333336,17.733333333333334,321.06666666666666,26.066666666666666,1624.0,30890.333333333336,6.0,21.9,5148.38888888889
898,23999,2014,32259,Salinas, CA,3GYFNBE3XES520100,Cadillac,SRXLuxury,SUV,Midsize,45454.28571428572,16.571428571428573,308.0,23.571428571428573,1624.0,21455.285714285717,4.0,20.071428571428573,5363.821428571429
904,57891,2015,33507,Jacksonville, FL,1GYS4BKJ3FR186484,Cadillac,Escalade4WD,SUV,Large,81124.28571428571,14.642857142857142,420.0,21.035714285714285,1624.0,23233.28571428571,3.0,17.839285714285715,7744.42857142857
905,76230,2016,6913,Philadelphia, PA,1G6A15S60G0158934,Cadillac,CTS-V,Sedan,Large,59061.470588235294,19.470588235294116,331.4117647058824,28.41176470588235,1624.0,-17168.529411764706,2.0,23.941176470588232,-8584.264705882353
906,10700,2015,24236,Princeton, NJ,1G1PB5SG6F7285330,Chevrolet,CruzeLS,Sedan,Midsize,20661.0,25.7,139.0,38.6,1385.0,9961.0,3.0,32.15,3320.3333333333335
910,17233,2017,25076,Fort Lauderdale, FL,1G1ZE5ST1HF149502,Chevrolet,MalibuLT,Sedan,Midsize,25776.0,30.4,182.4,36.8,1385.0,8543.0,1.0,33.599999999999994,8543.0
912,16733,2017,34415,Lakewood, WA,1G1ZE5ST5HF121654,Chevrolet,MalibuLT,Sedan,Midsize,25776.0,30.4,182.4,36.8,1385.0,9043.0,1.0,33.599999999999994,9043.0
913,17233,2017,29601,Saint Paul, MN,1G1ZE5ST3HF116307,Chevrolet,MalibuLT,Sedan,Midsize,25776.0,30.4,182.4,36.8,1385.0,8543.0,1.0,33.599999999999994,8543.0
914,17933,2017,21580,New Orleans, LA,1G1ZE5ST4HF207991,Chevrolet,MalibuLT,Sedan,Midsize,25776.0,30.4,182.4,36.8,1385.0,7843.0,1.0,33.599999999999994,7843.0
915,12500,2015,40580,Warrenton, VA,1G1PG5SB0F7184676,Chevrolet,CruzeLTZ,Sedan,Midsize,20661.0,25.7,139.0,38.6,1385.0,8161.0,3.0,32.15,2720.3333333333335
916,18533,2017,17199,Sandy, UT,1G1ZE5ST6HF174265,Chevrolet,MalibuLT,Sedan,Midsize,25776.0,30.4,182.4,36.8,1385.0,7243.0,1.0,33.599999999999994,7243.0
917,18533,2017,17982,Lakewood, WA,1G1ZE5ST3HF172585,Chevrolet,MalibuLT,Sedan,Midsize,25776.0,30.4,182.4,36.8,1385.0,7243.0,1.0,33.599999999999994,7243.0
918,18533,2017,18407,San Mateo, CA,1G1ZE5ST3HF199897,Chevrolet,MalibuLT,Sedan,Midsize,25776.0,30.4,182.4,36.8,1385.0,7243.0,1.0,33.599999999999994,7243.0
919,18533,2017,19810,Lawrenceville, GA,1G1ZE5ST0HF199338,Chevrolet,MalibuLT,Sedan,Midsize,25776.0,30.4,182.4,36.8,1385.0,7243.0,1.0,33.599999999999994,7243.0
920,14989,2016,18576,Brook Park, OH,1G11B5SA4GF133927,Chevrolet,Malibu,Sedan,Midsize,25234.545454545456,26.818181818181817,191.8181818181818,36.0,1385.0,10245.545454545456,2.0,31.409090909090907,5122.772727272728
924,14737,2016,20292,Seymour, IN,1G1BE5SM8G7262902,Chevrolet,CruzeLT,Sedan,Midsize,19974.666666666668,27.133333333333333,144.0,39.266666666666666,1385.0,5237.666666666668,2.0,33.2,2618.833333333334
925,15206,2017,22941,Ivel, KY,1G1BE5SM7H7100096,Chevrolet,CruzeSedan,Sedan,Midsize,20016.666666666668,28.833333333333332,153.0,39.333333333333336,1385.0,4810.666666666668,1.0,34.083333333333336,4810.666666666668
926,18679,2017,11705,Virgina Beach, VA,1G1ZE5ST2HF151209,Chevrolet,MalibuLT,Sedan,Midsize,25776.0,30.4,182.4,36.8,1385.0,7097.0,1.0,33.599999999999994,7097.0
927,4100,2010,83647,Portsmouth, VA,KL1TD5DE2AB113790,Chevrolet,Aveo4dr,Sedan,Compact,13810.0,27.0,108.0,35.0,1385.0,9710.0,8.0,31.0,1213.75
928,13995,2016,41324,Elizabeth City, NC,1G11C5SA9GF148243,Chevrolet,Malibu,Sedan,Midsize,25234.545454545456,26.818181818181817,191.8181818181818,36.0,1385.0,11239.545454545456,2.0,31.409090909090907,5619.772727272728
929,13500,2015,22561,Merriam, KS,1G1PC5SB3F7121759,Chevrolet,Cruze1LT,Sedan,Midsize,20661.0,25.7,139.0,38.6,1385.0,7161.0,3.0,32.15,2387.0
931,15000,2016,24799,Austin, TX,1G1BE5SM0G7326656,Chevrolet,CruzeLT,Sedan,Midsize,19974.666666666668,27.133333333333333,144.0,39.266666666666666,1385.0,4974.666666666668,2.0,33.2,2487.333333333334
937,13924,2016,22225,Livonia, MI,3GNCJKSB6GL219747,Chevrolet,TraxFWD,SUV,Compact,22868.75,25.0,138.0,32.5,1385.0,8944.75,2.0,28.75,4472.375
938,13830,2015,15437,Lake Park, FL,3GNCJKSB0FL199669,Chevrolet,TraxFWD,SUV,Compact,22658.75,25.0,138.0,32.5,1385.0,8828.75,3.0,28.75,2942.9166666666665
940,18990,2016,18326,Derby, KS,1G1ZE5ST4GF356013,Chevrolet,MalibuLT,Sedan,Midsize,25234.545454545456,26.818181818181817,191.8181818181818,36.0,1385.0,6244.545454545456,2.0,31.409090909090907,3122.272727272728
944,21495,2017,986,El Paso, TX,2GNALBEK6H1542471,Chevrolet,EquinoxFWD,SUV,Compact,27564.285714285714,21.142857142857142,182.0,30.285714285714285,1385.0,6069.285714285714,1.0,25.714285714285715,6069.285714285714
946,15725,2016,21266,Rainbow City, AL,3GNCJKSB9GL266027,Chevrolet,TraxFWD,SUV,Compact,22868.75,25.0,138.0,32.5,1385.0,7143.75,2.0,28.75,3571.875
947,16900,2016,34614,Chicago, IL,1G11C5SA4GU162160,Chevrolet,Malibu,Sedan,Midsize,25234.545454545456,26.818181818181817,191.8181818181818,36.0,1385.0,8334.545454545456,2.0,31.409090909090907,4167.272727272728
949,15871,2015,23993,Tallmadge, OH,3GNCJRSBXFL204269,Chevrolet,TraxAWD,SUV,Compact,22658.75,25.0,138.0,32.5,1385.0,6787.75,3.0,28.75,2262.5833333333335
951,16497,2016,34546,Columbus, OH,1G11E5SA0GF103296,Chevrolet,Malibu,Sedan,Midsize,25234.545454545456,26.818181818181817,191.8181818181818,36.0,1385.0,8737.545454545456,2.0,31.409090909090907,4368.772727272728
953,18500,2015,47327,Kansas City, MO,1G11G5SX4FF211661,Chevrolet,Malibu2LTZ,Sedan,Midsize,25616.428571428572,23.857142857142858,214.0,34.285714285714285,1385.0,7116.4285714285725,3.0,29.07142857142857,2372.1428571428573
954,4999,2009,97693,Spring, TX,1G1AT18H297215582,Chevrolet,Cobalt2dr,Coupe,Compact,17633.75,24.25,181.25,34.25,1385.0,12634.75,9.0,29.25,1403.861111111111
956,9555,2015,44092,Phoenix, AZ,1G1JC6SG4F4210894,Chevrolet,SonicHatch,Hatchback,Compact,18351.25,26.25,138.0,35.5,1385.0,8796.25,3.0,30.875,2932.0833333333335
957,21905,2017,13420,Mission, TX,2GNALBEK3H1524798,Chevrolet,EquinoxFWD,SUV,Compact,27564.285714285714,21.142857142857142,182.0,30.285714285714285,1385.0,5659.285714285714,1.0,25.714285714285715,5659.285714285714
960,12881,2015,12987,Gadsden, AL,1G1JC6SH2F4183834,Chevrolet,SonicHatch,Hatchback,Compact,18351.25,26.25,138.0,35.5,1385.0,5470.25,3.0,30.875,1823.4166666666667
961,15688,2015,83508,SHAKOPEE, MN,2GNALCEK9F6322571,Chevrolet,EquinoxFWD,SUV,Compact,27853.333333333332,21.11111111111111,182.0,30.666666666666668,1385.0,12165.333333333332,3.0,25.88888888888889,4055.111111111111
962,17500,2015,52843,Wolcott, NY,2GNFLFEK0F6416166,Chevrolet,EquinoxAWD,SUV,Compact,27853.333333333332,21.11111111111111,182.0,30.666666666666668,1385.0,10353.333333333332,3.0,25.88888888888889,3451.111111111111
963,22994,2016,18139,Watertown, NY,2GNFLFEK4G6359729,Chevrolet,EquinoxAWD,SUV,Compact,27235.714285714286,21.142857142857142,182.0,30.714285714285715,1385.0,4241.714285714286,2.0,25.92857142857143,2120.857142857143
964,12995,2016,16829,Graham, NC,1G1PE5SB1G7182197,Chevrolet,Cruze,Sedan,Midsize,19974.666666666668,27.133333333333333,144.0,39.266666666666666,1385.0,6979.666666666668,2.0,33.2,3489.833333333334
966,11495,2015,42024,LITCHFIELD, IL,1G1JC5SH6F4115093,Chevrolet,SonicSedan,Sedan,Compact,17755.625,26.25,138.0,35.5,1385.0,6260.625,3.0,30.875,2086.875
968,22998,2017,12706,Highland, IN,2GNALCEK9H6105198,Chevrolet,EquinoxFWD,SUV,Compact,27564.285714285714,21.142857142857142,182.0,30.285714285714285,1385.0,4566.285714285714,1.0,25.714285714285715,4566.285714285714
972,14100,2016,39912,Columbia, MO,1G1PG5SB1G7120650,Chevrolet,Cruze,Sedan,Midsize,19974.666666666668,27.133333333333333,144.0,39.266666666666666,1385.0,5874.666666666668,2.0,33.2,2937.333333333334
976,4000,2010,168399,Crittenden, KY,1G1AB5F54A7132789,Chevrolet,Cobalt4dr,Sedan,Compact,15710.0,25.0,155.0,37.0,1385.0,11710.0,8.0,31.0,1463.75
978,16988,2015,36781,Surprise, AZ,2G1FB1E32F9160126,Chevrolet,CamaroCoupe,Coupe,Midsize,37835.0,16.125,403.625,25.0,1385.0,20847.0,3.0,20.5625,6949.0
979,17500,2016,40035,Watertown, CT,2G1115S36G9126569,Chevrolet,Impala2LT,Sedan,Large,31121.0,19.2,,29.1,1385.0,13621.0,2.0,24.15,6810.5
980,17725,2016,36476,Clearwater, FL,2G1115S37G9147432,Chevrolet,Impala2LT,Sedan,Large,31121.0,19.2,,29.1,1385.0,13396.0,2.0,24.15,6698.0
982,15894,2014,55082,St. Peters, MO,1G1115SL0EU160278,Chevrolet,ImpalaLT,Sedan,Large,27735.0,18.0,300.0,30.0,1385.0,11841.0,4.0,24.0,2960.25
989,20320,2015,21912,Jonesboro, GA,2G1FD1E38F9306734,Chevrolet,CamaroCoupe,Coupe,Midsize,37835.0,16.125,403.625,25.0,1385.0,17515.0,3.0,20.5625,5838.333333333333
994,19950,2016,48692,Worthington, OH,2G1115S34G9133598,Chevrolet,Impala2LT,Sedan,Large,31121.0,19.2,,29.1,1385.0,11171.0,2.0,24.15,5585.5
995,22988,2017,38260,Topeka, KS,2G1105S3XH9105812,Chevrolet,ImpalaLT,Sedan,Large,38078.333333333336,17.666666666666668,,26.0,1385.0,15090.333333333336,1.0,21.833333333333336,15090.333333333336
997,15995,2016,18833,Pueblo, CO,1G1ZB5ST7GF352871,Chevrolet,MalibuLS,Sedan,Midsize,25234.545454545456,26.818181818181817,191.8181818181818,36.0,1385.0,9239.545454545456,2.0,31.409090909090907,4619.772727272728
999,25200,2017,15344,Montebello, CA,2G1145S3XH9133663,Chevrolet,ImpalaPremier,Sedan,Large,38078.333333333336,17.666666666666668,,26.0,1385.0,12878.333333333336,1.0,21.833333333333336,12878.333333333336
